countyFIPS,County Name,State,cases,cases_per_thousand,population,pop_per_thousand,population_log,cases_per_pop
5079,Lincoln County,AR,2026,2.026,13024,13.024,4.11474438754513,15.5559
13053,Chattahoochee County,GA,1678,1.678,10907,10.907,4.03770531313554,15.3846
47169,Trousdale County,TN,1676,1.676,11284,11.284,4.05246307748333,14.8529
12067,Lafayette County,FL,1233,1.233,8422,8.422,3.92541523708425,14.6402
47095,Lake County,TN,928,0.928,7016,7.016,3.84608958035798,13.2269
5077,Lee County,AR,1068,1.068,8857,8.857,3.9472866446778,12.0583
31043,Dakota County,NE,2250,2.25,20026,20.026,4.30159421182936,11.2354
19021,Buena Vista County,IA,2028,2.028,19620,19.62,4.29269900304393,10.3364
5017,Chicot County,AR,1009,1.009,10118,10.118,4.00509467507255,9.9723
27105,Nobles County,MN,1985,1.985,21629,21.629,4.33503644063551,9.1775
22037,East Feliciana Parish,LA,1745,1.745,19135,19.135,4.28182846656052,9.1194
47181,Wayne County,TN,1509,1.509,16673,16.673,4.22201375017136,9.0506
20057,Ford County,KS,2902,2.902,33619,33.619,4.52658479116946,8.6320
22065,Madison Parish,LA,886,0.886,10951,10.951,4.03945377896174,8.0906
20175,Seward County,KS,1731,1.731,21428,21.428,4.33098163770082,8.0782
28055,Issaquena County,MS,106,0.106,1327,1.327,3.12287092286444,7.9879
22035,East Carroll Parish,LA,548,0.548,6861,6.861,3.83638741932641,7.9872
40139,Texas County,OK,1576,1.576,19983,19.983,4.30066068837652,7.8867
13259,Stewart County,GA,521,0.521,6621,6.621,3.82092358788132,7.8689
31037,Colfax County,NE,795,0.795,10709,10.709,4.02974891856684,7.4237
30087,Rosebud County,MT,652,0.652,8937,8.937,3.95119175793471,7.2955
46017,Buffalo County,SD,142,0.142,1962,1.962,3.29269900304393,7.2375
5133,Sevier County,AR,1208,1.208,17007,17.007,4.23062771171063,7.1030
30003,Big Horn County,MT,940,0.94,13319,13.319,4.12447161891949,7.0576
51081,Greensville County,VA,795,0.795,11336,11.336,4.0544598372394,7.0131
1085,Lowndes County,AL,659,0.659,9726,9.726,3.98793426523216,6.7757
19047,Crawford County,IA,1117,1.117,16820,16.82,4.22582599146189,6.6409
6025,Imperial County,CA,11993,11.993,181215,181.215,5.25819414338278,6.6181
51640,Galax city,VA,419,0.419,6347,6.347,3.80256849831396,6.6015
22003,Allen Parish,LA,1678,1.678,25627,25.627,4.40869776889579,6.5478
28051,Holmes County,MS,1104,1.104,17010,17.01,4.23070431361257,6.4903
12045,Gulf County,FL,879,0.879,13639,13.639,4.13478252938186,6.4448
12125,Union County,FL,980,0.98,15237,15.237,4.18289946754826,6.4317
47069,Hardeman County,TN,1598,1.598,25050,25.05,4.39880773020326,6.3792
48323,Maverick County,TX,3712,3.712,58722,58.722,4.7688008387025,6.3213
12086,Miami-Dade County,FL,170882,170.882,2716940,2716.94,6.43408004770879,6.2895
12039,Gadsden County,FL,2840,2.84,45660,45.66,4.65953590715422,6.2199
12123,Taylor County,FL,1338,1.338,21569,21.569,4.33383001044565,6.2033
12077,Liberty County,FL,518,0.518,8354,8.354,3.9218944709291,6.2006
5123,St. Francis County,AR,1547,1.547,24994,24.994,4.3978357654867,6.1895
12121,Suwannee County,FL,2745,2.745,44417,44.417,4.64754922221236,6.1801
28125,Sharkey County,MS,267,0.267,4321,4.321,3.63558426631123,6.1791
28011,Bolivar County,MS,1882,1.882,30628,30.628,4.4861186384219,6.1447
4023,Santa Cruz County,AZ,2857,2.857,46498,46.498,4.66743427315568,6.1444
22041,Franklin Parish,LA,1228,1.228,20015,20.015,4.30135559444112,6.1354
12063,Jackson County,FL,2840,2.84,46414,46.414,4.66664899791848,6.1188
35031,McKinley County,NM,4346,4.346,71367,71.367,4.85349744103562,6.0896
1105,Perry County,AL,543,0.543,8923,8.923,3.950510892986,6.0854
20055,Finney County,KS,2210,2.21,36467,36.467,4.56190003704463,6.0603
1011,Bullock County,AL,612,0.612,10101,10.101,4.00436437110775,6.0588
13101,Echols County,GA,241,0.241,4006,4.006,3.60271094495756,6.0160
48255,Karnes County,TX,938,0.938,15601,15.601,4.19315243685208,6.0124
20145,Pawnee County,KS,385,0.385,6414,6.414,3.80712895559242,6.0025
4027,Yuma County,AZ,12765,12.765,213787,213.787,5.32998129301533,5.9709
12047,Hamilton County,FL,861,0.861,14428,14.428,4.15920613364633,5.9676
28133,Sunflower County,MS,1497,1.497,25110,25.11,4.39984671271292,5.9618
5149,Yell County,AR,1260,1.26,21341,21.341,4.32921476580572,5.9041
47075,Haywood County,TN,1020,1.02,17304,17.304,4.23814650643104,5.8946
28119,Quitman County,MS,393,0.393,6792,6.792,3.8319976772359,5.7862
48189,Hale County,TX,1926,1.926,33406,33.406,4.52382447677769,5.7654
1059,Franklin County,AL,1808,1.808,31362,31.362,4.49640375048139,5.7649
47007,Bledsoe County,TN,866,0.866,15064,15.064,4.17794030700861,5.7488
13065,Clinch County,GA,380,0.38,6618,6.618,3.82072676282383,5.7419
38029,Emmons County,ND,186,0.186,3241,3.241,3.51067903103221,5.7390
5059,Hot Spring County,AR,1928,1.928,33771,33.771,4.5285439208087,5.7090
28135,Tallahatchie County,MS,786,0.786,13809,13.809,4.14016222961364,5.6919
13001,Appling County,GA,1043,1.043,18386,18.386,4.26448725578069,5.6728
48341,Moore County,TX,1183,1.183,20940,20.94,4.32097667734282,5.6495
48489,Willacy County,TX,1203,1.203,21358,21.358,4.32956058217531,5.6325
48025,Bee County,TX,1816,1.816,32565,32.565,4.5127510825101,5.5765
28099,Neshoba County,MS,1620,1.62,29118,29.118,4.46416154169893,5.5636
19193,Woodbury County,IA,5705,5.705,103107,103.107,5.01328815081383,5.5331
12079,Madison County,FL,1017,1.017,18493,18.493,4.26700736966435,5.4994
40153,Woodward County,OK,1107,1.107,20211,20.211,4.30558780207234,5.4772
13003,Atkinson County,GA,446,0.446,8165,8.165,3.91195618907269,5.4623
41045,Malheur County,OR,1661,1.661,30571,30.571,4.48530964505186,5.4333
48061,Cameron County,TX,22876,22.876,423163,423.163,5.6265076873865,5.4060
28103,Noxubee County,MS,562,0.562,10417,10.417,4.0177426641615,5.3950
12023,Columbia County,FL,3852,3.852,71686,71.686,4.85543434790741,5.3734
13005,Bacon County,GA,599,0.599,11164,11.164,4.04781982781659,5.3655
38089,Stark County,ND,1682,1.682,31489,31.489,4.49815886891289,5.3415
28043,Grenada County,MS,1107,1.107,20758,20.758,4.31718550761544,5.3329
48427,Starr County,TX,3446,3.446,64633,64.633,4.81045431456739,5.3316
28027,Coahoma County,MS,1178,1.178,22124,22.124,4.34486364979713,5.3245
31151,Saline County,NE,756,0.756,14224,14.224,4.15302174362614,5.3150
51620,Franklin city,VA,422,0.422,7967,7.967,3.90129481716557,5.2968
18017,Cass County,IN,1987,1.987,37689,37.689,4.57621461449276,5.2721
13163,Jefferson County,GA,805,0.805,15362,15.362,4.18644776077492,5.2402
4017,Navajo County,AZ,5802,5.802,110924,110.924,5.04502552216263,5.2306
28151,Washington County,MS,2292,2.292,43909,43.909,4.64255354643194,5.2199
28143,Tunica County,MS,500,0.5,9632,9.632,3.98371647391375,5.1910
12037,Franklin County,FL,628,0.628,12125,12.125,4.0836817472743,5.1794
28021,Claiborne County,MS,465,0.465,8988,8.988,3.95366306374709,5.1736
1131,Wilcox County,AL,534,0.534,10373,10.373,4.01590437789555,5.1480
48471,Walker County,TX,3748,3.748,72971,72.971,4.86315029789726,5.1363
6031,Kings County,CA,7851,7.851,152940,152.94,5.18452108585291,5.1334
28083,Leflore County,MS,1443,1.443,28183,28.183,4.44998722064343,5.1201
12003,Baker County,FL,1492,1.492,29210,29.21,4.46553155697355,5.1078
5069,Jefferson County,AR,3413,3.413,66824,66.824,4.8249324683978,5.1074
12049,Hardee County,FL,1375,1.375,26937,26.937,4.43034922627952,5.1045
48177,Gonzales County,TX,1063,1.063,20837,20.837,4.31883519172766,5.1015
48375,Potter County,TX,5989,5.989,117415,117.415,5.06972358244052,5.1007
38005,Benson County,ND,347,0.347,6832,6.832,3.83454785768095,5.0790
48313,Madison County,TX,724,0.724,14284,14.284,4.15484984152074,5.0686
19167,Sioux County,IA,1765,1.765,34855,34.855,4.54226508707253,5.0638
51660,Harrisonburg City,VA,2670,2.67,53016,53.016,4.72440695758304,5.0362
48479,Webb County,TX,13902,13.902,276652,276.652,5.44193381420614,5.0251
13165,Jenkins County,GA,435,0.435,8676,8.676,3.93831954334216,5.0138
13279,Toombs County,GA,1343,1.343,26830,26.83,4.42862067267194,5.0056
48285,Lavaca County,TX,1005,1.005,20154,20.154,4.30436125422531,4.9866
13099,Early County,GA,506,0.506,10190,10.19,4.00817418400643,4.9657
4001,Apache County,AZ,3569,3.569,71887,71.887,4.8566503599416,4.9647
12029,Dixie County,FL,834,0.834,16826,16.826,4.22598088457959,4.9566
12051,Hendry County,FL,2077,2.077,42022,42.022,4.62347671842438,4.9426
48123,DeWitt County,TX,996,0.996,20160,20.16,4.30449052777349,4.9405
46073,Jerauld County,SD,99,0.099,2013,2.013,3.30384377488865,4.9180
48095,Concho County,TX,134,0.134,2726,2.726,3.43552585149865,4.9156
27165,Watonwan County,MN,535,0.535,10897,10.897,4.03730695089709,4.9096
48001,Anderson County,TX,2829,2.829,57735,57.735,4.76143917015027,4.9000
22077,Pointe Coupee Parish,LA,1063,1.063,21730,21.73,4.33705972632052,4.8919
13243,Randolph County,GA,331,0.331,6778,6.778,3.83110156450136,4.8834
51595,Emporia city,VA,260,0.26,5346,5.346,3.72802895442052,4.8634
28097,Montgomery County,MS,475,0.475,9775,9.775,3.9901167660679,4.8593
48117,Deaf Smith County,TX,901,0.901,18546,18.546,4.26825025544695,4.8582
48163,Frio County,TX,984,0.984,20306,20.306,4.30762438184812,4.8459
29119,McDonald County,MO,1105,1.105,22837,22.837,4.35863905189346,4.8386
1047,Dallas County,AL,1799,1.799,37196,37.196,4.57049623903967,4.8365
39101,Marion County,OH,3138,3.138,65093,65.093,4.81353428772596,4.8208
19149,Plymouth County,IA,1213,1.213,25177,25.177,4.40100397989948,4.8179
22001,Acadia Parish,LA,2982,2.982,62045,62.045,4.79270678889836,4.8062
13069,Coffee County,GA,2079,2.079,43273,43.273,4.63621700470374,4.8044
19197,Wright County,IA,603,0.603,12562,12.562,4.09905878906805,4.8002
36087,Rockland County,NY,15636,15.636,325789,325.789,5.51293641662089,4.7994
13161,Jeff Davis County,GA,725,0.725,15115,15.115,4.17940815151384,4.7966
13107,Emanuel County,GA,1083,1.083,22646,22.646,4.35499150297848,4.7823
13049,Charlton County,GA,638,0.638,13392,13.392,4.12684544064919,4.7640
1025,Clarke County,AL,1125,1.125,23622,23.622,4.37331666517387,4.7625
13009,Baldwin County,GA,2127,2.127,44890,44.89,4.65214960540165,4.7382
13017,Ben Hill County,GA,791,0.791,16700,16.7,4.22271647114758,4.7365
48105,Crockett County,TX,164,0.164,3464,3.464,3.53957788334531,4.7344
1013,Butler County,AL,919,0.919,19448,19.448,4.28887494583528,4.7254
13201,Miller County,GA,270,0.27,5718,5.718,3.75724415102197,4.7219
28053,Humphreys County,MS,379,0.379,8064,8.064,3.90655051910145,4.6999
51683,Manassas City,VA,1930,1.93,41085,41.085,4.61368329130964,4.6976
13141,Hancock County,GA,397,0.397,8457,8.457,3.92721633059126,4.6943
51183,Sussex County,VA,523,0.523,11159,11.159,4.04762527758178,4.6868
22125,West Feliciana Parish,LA,729,0.729,15568,15.568,4.19223282292428,4.6827
47039,Decatur County,TN,545,0.545,11663,11.663,4.06681027562583,4.6729
13139,Hall County,GA,9498,9.498,204441,204.441,5.31056799659067,4.6458
31047,Dawson County,NE,1094,1.094,23595,23.595,4.37281998167897,4.6366
22025,Catahoula Parish,LA,439,0.439,9494,9.494,3.97744922738234,4.6240
48369,Parmer County,TX,443,0.443,9605,9.605,3.98249736919771,4.6122
45009,Bamberg County,SC,648,0.648,14066,14.066,4.14817061307739,4.6069
39129,Pickaway County,OH,2692,2.692,58457,58.457,4.76683652369886,4.6051
48283,La Salle County,TX,346,0.346,7520,7.52,3.87621784059164,4.6011
22127,Winn Parish,LA,639,0.639,13904,13.904,4.14313975910459,4.5958
49037,San Juan County,UT,703,0.703,15308,15.308,4.18491845355246,4.5924
19127,Marshall County,IA,1804,1.804,39369,39.369,4.59515438354823,4.5823
53021,Franklin County,WA,4344,4.344,95222,95.222,4.97873729895998,4.5620
53077,Yakima County,WA,11442,11.442,250873,250.873,5.39945392324372,4.5609
45005,Allendale County,SC,396,0.396,8688,8.688,3.93891981224477,4.5580
46085,Lyman County,SD,172,0.172,3781,3.781,3.57760667736254,4.5491
28153,Wayne County,MS,918,0.918,20183,20.183,4.30498572020667,4.5484
48047,Brooks County,TX,322,0.322,7093,7.093,3.85082995984853,4.5397
13253,Seminole County,GA,366,0.366,8090,8.09,3.90794852161227,4.5241
19171,Tama County,IA,762,0.762,16854,16.854,4.22670298958522,4.5212
48449,Titus County,TX,1478,1.478,32750,32.75,4.5152113043278,4.5130
22111,Union Parish,LA,997,0.997,22108,22.108,4.34454945590974,4.5097
48465,Val Verde County,TX,2208,2.208,49025,49.025,4.69041760233982,4.5038
1027,Clay County,AL,594,0.594,13235,13.235,4.12172394563737,4.4881
1065,Hale County,AL,656,0.656,14651,14.651,4.16586726835294,4.4775
28031,Covington County,MS,834,0.834,18636,18.636,4.27035270177618,4.4752
28107,Panola County,MS,1525,1.525,34192,34.192,4.53392450481999,4.4601
1035,Conecuh County,AL,538,0.538,12067,12.067,4.08159931273294,4.4584
46005,Beadle County,SD,822,0.822,18453,18.453,4.26606698174341,4.4546
48415,Scurry County,TX,743,0.743,16703,16.703,4.22279448111371,4.4483
13313,Whitfield County,GA,4651,4.651,104628,104.628,5.01964792371115,4.4453
13087,Decatur County,GA,1173,1.173,26404,26.404,4.42166972407955,4.4425
13277,Tift County,GA,1805,1.805,40644,40.644,4.60899644269225,4.4410
41049,Morrow County,OR,515,0.515,11603,11.603,4.06457029224403,4.4385
48391,Refugio County,TX,308,0.308,6948,6.948,3.84185980977506,4.4329
1053,Escambia County,AL,1623,1.623,36633,36.633,4.56387248596172,4.4304
48469,Victoria County,TX,4076,4.076,92084,92.084,4.96418417617557,4.4264
12013,Calhoun County,FL,622,0.622,14105,14.105,4.14937309049138,4.4098
45089,Williamsburg County,SC,1338,1.338,30368,30.368,4.4824161907472,4.4060
48355,Nueces County,TX,15925,15.925,362294,362.294,5.55906114168436,4.3956
51175,Southampton County,VA,774,0.774,17631,17.631,4.24627694543406,4.3900
47111,Macon County,TN,1073,1.073,24602,24.602,4.39097041416262,4.3614
53001,Adams County,WA,870,0.87,19983,19.983,4.30066068837652,4.3537
22047,Iberville Parish,LA,1414,1.414,32511,32.511,4.51203032808741,4.3493
28029,Copiah County,MS,1216,1.216,28065,28.065,4.44816504655569,4.3328
20209,Wyandotte County,KS,7163,7.163,165429,165.429,5.21861164449094,4.3300
13309,Wheeler County,GA,340,0.34,7855,7.855,3.89514618937599,4.3285
22081,Red River Parish,LA,365,0.365,8442,8.442,3.92644534781839,4.3236
1125,Tuscaloosa County,AL,9040,9.04,209355,209.355,5.3208833375534,4.3180
13167,Johnson County,GA,416,0.416,9643,9.643,3.98421216676143,4.3140
13043,Candler County,GA,466,0.466,10803,10.803,4.03354437609095,4.3136
38059,Morton County,ND,1347,1.347,31364,31.364,4.4964314451842,4.2947
47077,Henderson County,TN,1206,1.206,28117,28.117,4.44896898089437,4.2892
22049,Jackson Parish,LA,675,0.675,15744,15.744,4.19711508108727,4.2873
13061,Clay County,GA,121,0.121,2834,2.834,3.45239984591144,4.2696
45061,Lee County,SC,717,0.717,16828,16.828,4.22603250334496,4.2608
47141,Putnam County,TN,3419,3.419,80245,80.245,4.9044179813877,4.2607
47091,Johnson County,TN,757,0.757,17788,17.788,4.2501271207769,4.2557
12133,Washington County,FL,1084,1.084,25473,25.473,4.40608009560049,4.2555
22045,Iberia Parish,LA,2971,2.971,69830,69.83,4.84404204204102,4.2546
28079,Leake County,MS,969,0.969,22786,22.786,4.35766809304363,4.2526
5093,Mississippi County,AR,1728,1.728,40651,40.651,4.60907123354977,4.2508
47071,Hardin County,TN,1089,1.089,25652,25.652,4.4091212312452,4.2453
28147,Walthall County,MS,605,0.605,14286,14.286,4.15491064578852,4.2349
13299,Ware County,GA,1512,1.512,35734,35.734,4.5530816330705,4.2313
13257,Stephens County,GA,1094,1.094,25925,25.925,4.41371876506108,4.2199
28123,Scott County,MS,1182,1.182,28124,28.124,4.44907708926332,4.2028
28159,Winston County,MS,749,0.749,17955,17.955,4.25418540946209,4.1715
13071,Colquitt County,GA,1898,1.898,45600,45.6,4.65896484266444,4.1623
22073,Ouachita Parish,LA,6364,6.364,153279,153.279,5.1854826583844,4.1519
48239,Jackson County,TX,612,0.612,14760,14.76,4.16908635748702,4.1463
16033,Clark County,ID,35,0.035,845,0.845,2.92685670894969,4.1420
12027,DeSoto County,FL,1573,1.573,38001,38.001,4.57979502526859,4.1394
47131,Obion County,TN,1244,1.244,30069,30.069,4.47811898507746,4.1372
5035,Crittenden County,AR,1983,1.983,47955,47.955,4.68083389532737,4.1351
1095,Marshall County,AL,3995,3.995,96774,96.774,4.98575869229556,4.1282
27161,Waseca County,MN,768,0.768,18612,18.612,4.26979304386123,4.1264
28071,Lafayette County,MS,2228,2.228,54019,54.019,4.73254654026421,4.1245
22097,St. Landry Parish,LA,3382,3.382,82124,82.124,4.91447009432277,4.1182
37061,Duplin County,NC,2414,2.414,58741,58.741,4.76894133562882,4.1096
28017,Chickasaw County,MS,701,0.701,17103,17.103,4.23307229572379,4.0987
13127,Glynn County,GA,3494,3.494,85292,85.292,4.93090829823916,4.0965
22051,Jefferson Parish,LA,17683,17.683,432493,432.493,5.63597908270031,4.0886
51750,Radford city,VA,746,0.746,18249,18.249,4.26123907118259,4.0879
5143,Washington County,AR,9763,9.763,239187,239.187,5.37873757171399,4.0817
22091,St. Helena Parish,LA,413,0.413,10132,10.132,4.00569518111851,4.0762
46027,Clay County,SD,572,0.572,14070,14.07,4.14829409743475,4.0654
28115,Pontotoc County,MS,1307,1.307,32174,32.174,4.50750505748067,4.0623
13109,Evans County,GA,432,0.432,10654,10.654,4.02751269244881,4.0548
13285,Troup County,GA,2833,2.833,69922,69.922,4.84461384205972,4.0517
22053,Jefferson Davis Parish,LA,1264,1.264,31368,31.368,4.49648682929215,4.0296
12007,Bradford County,FL,1135,1.135,28201,28.201,4.45026450855985,4.0247
40089,McCurtain County,OK,1321,1.321,32832,32.832,4.5162973390957,4.0235
47097,Lauderdale County,TN,1030,1.03,25633,25.633,4.40879943752253,4.0183
48131,Duval County,TX,448,0.448,11157,11.157,4.04754743307863,4.0154
38015,Burleigh County,ND,3833,3.833,95626,95.626,4.98057598977957,4.0083
22039,Evangeline Parish,LA,1336,1.336,33395,33.395,4.52368144780075,4.0006
28127,Simpson County,MS,1065,1.065,26658,26.658,4.42582756362451,3.9950
13037,Calhoun County,GA,247,0.247,6189,6.189,3.79162048269281,3.9910
13021,Bibb County,GA,6097,6.097,153159,153.159,5.18514252210566,3.9808
19115,Louisa County,IA,439,0.439,11035,11.035,4.04277233749767,3.9783
13059,Clarke County,GA,5105,5.105,128331,128.331,5.10833157845375,3.9780
51029,Buckingham County,VA,682,0.682,17148,17.148,4.23421347483859,3.9771
47033,Crockett County,TN,565,0.565,14230,14.23,4.15320490008428,3.9705
8075,Logan County,CO,889,0.889,22409,22.409,4.35042247660771,3.9672
12011,Broward County,FL,77433,77.433,1952778,1952.778,6.29065287367438,3.9653
36119,Westchester County,NY,38300,38.3,967506,967.506,5.98565366698171,3.9586
28023,Clarke County,MS,615,0.615,15541,15.541,4.1914789604436,3.9573
12043,Glades County,FL,545,0.545,13811,13.811,4.14022512526645,3.9461
22083,Richland Parish,LA,794,0.794,20122,20.122,4.30367114466402,3.9459
22101,St. Mary Parish,LA,1947,1.947,49348,49.348,4.69326955606209,3.9454
12065,Jefferson County,FL,562,0.562,14246,14.246,4.15369294000855,3.9450
1041,Crenshaw County,AL,543,0.543,13772,13.772,4.13899701403264,3.9428
47045,Dyer County,TN,1465,1.465,37159,37.159,4.57006401801467,3.9425
1101,Montgomery County,AL,8918,8.918,226486,226.486,5.35504136171017,3.9376
22099,St. Martin Parish,LA,2102,2.102,53431,53.431,4.72779330239585,3.9340
41059,Umatilla County,OR,3052,3.052,77950,77.95,4.89181611952486,3.9153
48303,Lubbock County,TX,12139,12.139,310569,310.569,5.49215810367573,3.9086
51159,Richmond County,VA,352,0.352,9023,9.023,3.95535095736766,3.9011
19087,Henry County,IA,778,0.778,19954,19.954,4.3000299678823,3.8990
22009,Avoyelles Parish,LA,1564,1.564,40144,40.144,4.60362064397053,3.8960
12033,Escambia County,FL,12393,12.393,318316,318.316,5.50285846877203,3.8933
38027,Eddy County,ND,89,0.089,2287,2.287,3.35926616460675,3.8916
48057,Calhoun County,TX,828,0.828,21290,21.29,4.32817566143832,3.8891
22019,Calcasieu Parish,LA,7907,7.907,203436,203.436,5.30842780806519,3.8867
47037,Davidson County,TN,26940,26.94,694144,694.144,5.84144957408332,3.8810
1091,Marengo County,AL,732,0.732,18863,18.863,4.27561076474457,3.8806
37123,Montgomery County,NC,1053,1.053,27173,27.173,4.43413758878673,3.8752
45019,Charleston County,SC,15899,15.899,411406,411.406,5.61427062121357,3.8646
19179,Wapello County,IA,1350,1.35,34969,34.969,4.543683213073,3.8606
13273,Terrell County,GA,329,0.329,8531,8.531,3.93099994195615,3.8565
12059,Holmes County,FL,756,0.756,19617,19.617,4.29263259208243,3.8538
1039,Covington County,AL,1424,1.424,37049,37.049,4.56877649030879,3.8436
22093,St. James Parish,LA,810,0.81,21096,21.096,4.32420011678538,3.8396
16075,Payette County,ID,919,0.919,23951,23.951,4.37932365075332,3.8370
13287,Turner County,GA,306,0.306,7985,7.985,3.9022749204745,3.8322
20067,Grant County,KS,274,0.274,7150,7.15,3.85430604180108,3.8322
13305,Wayne County,GA,1145,1.145,29927,29.927,4.47606318363783,3.8260
34031,Passaic County,NJ,19135,19.135,501826,501.826,5.70055315870041,3.8131
13283,Treutlen County,GA,263,0.263,6901,6.901,3.838912027406,3.8110
13319,Wilkinson County,GA,341,0.341,8954,8.954,3.95201709004743,3.8084
47023,Chester County,TN,656,0.656,17297,17.297,4.23797078541634,3.7926
22057,Lafourche Parish,LA,3693,3.693,97614,97.614,4.98951210953876,3.7833
47159,Smith County,TN,762,0.762,20157,20.157,4.3044258958094,3.7803
1063,Greene County,AL,306,0.306,8111,8.111,3.9090744014009,3.7727
55009,Brown County,WI,9980,9.98,264542,264.542,5.42249463259123,3.7726
48185,Grimes County,TX,1088,1.088,28880,28.88,4.4605971888976,3.7673
28007,Attala County,MS,684,0.684,18174,18.174,4.2594505237165,3.7636
13137,Habersham County,GA,1700,1.7,45328,45.328,4.65636655717636,3.7504
36005,Bronx County,NY,53169,53.169,1418207,1418.207,6.15173962463877,3.7490
28057,Itawamba County,MS,876,0.876,23390,23.39,4.36903022180915,3.7452
47183,Weakley County,TN,1248,1.248,33328,33.328,4.52280925260367,3.7446
13205,Mitchell County,GA,818,0.818,21863,21.863,4.33970975477983,3.7415
1127,Walker County,AL,2376,2.376,63521,63.521,4.80291732649497,3.7405
28067,Jones County,MS,2546,2.546,68098,68.098,4.83313435711515,3.7387
22013,Bienville Parish,LA,495,0.495,13241,13.241,4.12192078556304,3.7384
22107,Tensas Parish,LA,162,0.162,4334,4.334,3.6368889069838,3.7379
12093,Okeechobee County,FL,1576,1.576,42168,42.168,4.6249830032069,3.7374
38085,Sioux County,ND,158,0.158,4230,4.23,3.62634036737504,3.7352
5061,Howard County,AR,493,0.493,13202,13.202,4.12063972841557,3.7343
38047,Logan County,ND,69,0.069,1850,1.85,3.26717172840301,3.7297
28101,Newton County,MS,783,0.783,21018,21.018,4.32259138770134,3.7254
31173,Thurston County,NE,269,0.269,7224,7.224,3.85877773730545,3.7237
22095,St. John the Baptist Parish,LA,1595,1.595,42837,42.837,4.63181904831605,3.7234
45079,Richland County,SC,15475,15.475,415759,415.759,5.61884165923378,3.7221
28013,Calhoun County,MS,534,0.534,14361,14.361,4.15718468220161,3.7184
28161,Yalobusha County,MS,449,0.449,12108,12.108,4.08307241228453,3.7083
19187,Webster County,IA,1330,1.33,35904,35.904,4.55514283524005,3.7043
22055,Lafayette Parish,LA,9050,9.05,244390,244.39,5.38808343138365,3.7031
30085,Roosevelt County,MT,407,0.407,11004,11.004,4.04155058171765,3.6987
1109,Pike County,AL,1224,1.224,33114,33.114,4.52001164444891,3.6963
13033,Burke County,GA,826,0.826,22383,22.383,4.34991829470926,3.6903
28141,Tishomingo County,MS,715,0.715,19383,19.383,4.28742099575983,3.6888
28105,Oktibbeha County,MS,1828,1.828,49587,49.587,4.69536783438797,3.6865
48215,Hidalgo County,TX,31984,31.984,868707,868.707,5.93887332105152,3.6818
48249,Jim Wells County,TX,1490,1.49,40482,40.482,4.60726196053894,3.6806
22085,Sabine Parish,LA,879,0.879,23884,23.884,4.37810706250974,3.6803
1081,Lee County,AL,6043,6.043,164542,164.542,5.21627677183054,3.6726
16087,Washington County,ID,374,0.374,10194,10.194,4.00834462925269,3.6688
51001,Accomack County,VA,1182,1.182,32316,32.316,4.50941759945914,3.6576
47109,McNairy County,TN,938,0.938,25694,25.694,4.40983171978601,3.6507
22017,Caddo Parish,LA,8765,8.765,240204,240.204,5.38058023522119,3.6490
12073,Leon County,FL,10710,10.71,293582,293.582,5.46772942474432,3.6480
28111,Perry County,MS,436,0.436,11973,11.973,4.07820298250369,3.6415
45075,Orangeburg County,SC,3137,3.137,86175,86.175,4.93538129207999,3.6403
1005,Barbour County,AL,898,0.898,24686,24.686,4.39245072465603,3.6377
13031,Bulloch County,GA,2895,2.895,79608,79.608,4.90095671323109,3.6366
13105,Elbert County,GA,698,0.698,19194,19.194,4.28316549046775,3.6366
48115,Dawson County,TX,462,0.462,12728,12.728,4.10476016663852,3.6298
1021,Chilton County,AL,1610,1.61,44428,44.428,4.64765676319554,3.6238
16027,Canyon County,ID,8328,8.328,229849,229.849,5.36144261861308,3.6232
19169,Story County,IA,3512,3.512,97117,97.117,4.987295258332,3.6163
40035,Craig County,OK,511,0.511,14142,14.142,4.15051083290797,3.6134
37165,Scotland County,NC,1257,1.257,34823,34.823,4.54186618284456,3.6097
47053,Gibson County,TN,1773,1.773,49133,49.133,4.69137328242647,3.6086
28137,Tate County,MS,1020,1.02,28321,28.321,4.45210858400412,3.6016
37163,Sampson County,NC,2287,2.287,63531,63.531,4.80298569133501,3.5998
28095,Monroe County,MS,1268,1.268,35252,35.252,4.54718376145008,3.5970
13095,Dougherty County,GA,3163,3.163,87956,87.956,4.9442654706043,3.5961
28163,Yazoo County,MS,1067,1.067,29690,29.69,4.47261019759604,3.5938
28091,Marion County,MS,883,0.883,24573,24.573,4.39045818065229,3.5934
20051,Ellis County,KS,1026,1.026,28553,28.553,4.45565174533135,3.5933
45041,Florence County,SC,4968,4.968,138293,138.293,5.14080019790894,3.5924
46099,Minnehaha County,SD,6931,6.931,193134,193.134,5.28585873526348,3.5887
28061,Jasper County,MS,587,0.587,16383,16.383,4.21439343125521,3.5830
19061,Dubuque County,IA,3486,3.486,97311,97.311,4.98816193553333,3.5823
22117,Washington Parish,LA,1654,1.654,46194,46.194,4.66458557001258,3.5806
37155,Robeson County,NC,4677,4.677,130625,130.625,5.11602630345513,3.5805
28157,Wilkinson County,MS,309,0.309,8630,8.63,3.93601079571521,3.5805
6029,Kern County,CA,32184,32.184,900202,900.202,5.95433997348582,3.5752
45069,Marlboro County,SC,932,0.932,26118,26.118,4.41693991754104,3.5684
45011,Barnwell County,SC,744,0.744,20866,20.866,4.31943920304605,3.5656
47133,Overton County,TN,791,0.791,22241,22.241,4.34715431010059,3.5565
1017,Chambers County,AL,1181,1.181,33254,33.254,4.52184389244947,3.5515
48055,Caldwell County,TX,1550,1.55,43664,43.664,4.64012351832582,3.5498
13245,Richmond County,GA,7180,7.18,202518,202.518,5.306463629789,3.5454
48111,Dallam County,TX,258,0.258,7287,7.287,3.86254876952479,3.5406
28117,Prentiss County,MS,889,0.889,25126,25.126,4.40012335543708,3.5382
1055,Etowah County,AL,3616,3.616,102268,102.268,5.00973976276916,3.5358
19027,Carroll County,IA,711,0.711,20165,20.165,4.30459822634364,3.5259
12005,Bay County,FL,6146,6.146,174705,174.705,5.24230533452693,3.5179
28145,Union County,MS,1013,1.013,28815,28.815,4.45961862391737,3.5155
13233,Polk County,GA,1498,1.498,42613,42.613,4.62954211006486,3.5154
13175,Laurens County,GA,1671,1.671,47546,47.546,4.67711398602634,3.5145
28155,Webster County,MS,340,0.34,9689,9.689,3.98627895590599,3.5091
1119,Sumter County,AL,436,0.436,12427,12.427,4.09436629833613,3.5085
51685,Manassas Park city,VA,613,0.613,17478,17.478,4.24249173501131,3.5073
19069,Franklin County,IA,353,0.353,10070,10.07,4.00302947055362,3.5055
17153,Pulaski County,IL,187,0.187,5335,5.335,3.72713442376049,3.5052
6107,Tulare County,CA,16322,16.322,466195,466.195,5.6685676113466,3.5011
22007,Assumption Parish,LA,766,0.766,21891,21.891,4.34026560097233,3.4992
48069,Castro County,TX,263,0.263,7530,7.53,3.8767949762007,3.4927
19013,Black Hawk County,IA,4578,4.578,131228,131.228,5.11802650994887,3.4886
28077,Lawrence County,MS,439,0.439,12586,12.586,4.09988772741147,3.4880
45033,Dillon County,SC,1063,1.063,30479,30.479,4.4840007139272,3.4876
29155,Pemiscot County,MO,551,0.551,15805,15.805,4.1987945001756,3.4862
16067,Minidoka County,ID,733,0.733,21039,21.039,4.32302509361844,3.4840
45049,Hampton County,SC,669,0.669,19222,19.222,4.28379857291499,3.4804
28063,Jefferson County,MS,243,0.243,6990,6.99,3.84447717574568,3.4764
28081,Lee County,MS,2967,2.967,85436,85.436,4.93164090706986,3.4728
1049,DeKalb County,AL,2481,2.481,71513,71.513,4.8543849972566,3.4693
48137,Edwards County,TX,67,0.067,1932,1.932,3.28600712207947,3.4679
22033,East Baton Rouge Parish,LA,15242,15.242,440059,440.059,5.64351090752404,3.4636
45039,Fairfield County,SC,774,0.774,22347,22.347,4.34921922899389,3.4636
28129,Smith County,MS,551,0.551,15916,15.916,4.20183393047435,3.4619
36059,Nassau County,NY,46929,46.929,1356924,1356.924,6.13255552392729,3.4585
22121,West Baton Rouge Parish,LA,915,0.915,26465,26.465,4.42267189832729,3.4574
13209,Montgomery County,GA,317,0.317,9172,9.172,3.9624640460579,3.4562
22089,St. Charles Parish,LA,1834,1.834,53100,53.1,4.72509452108147,3.4539
29211,Sullivan County,MO,210,0.21,6089,6.089,3.78454597405452,3.4488
22113,Vermilion Parish,LA,2051,2.051,59511,59.511,4.77459724804387,3.4464
19103,Johnson County,IA,5205,5.205,151140,151.14,5.17937941788176,3.4438
1129,Washington County,AL,562,0.562,16326,16.326,4.2128797921634,3.4424
28035,Forrest County,MS,2568,2.568,74897,74.897,4.87446442237852,3.4287
31141,Platte County,NE,1147,1.147,33470,33.47,4.52465571235778,3.4269
48167,Galveston County,TX,11697,11.697,342139,342.139,5.53420258169578,3.4188
48385,Real County,TX,118,0.118,3452,3.452,3.53807078704317,3.4183
22119,Webster Parish,LA,1307,1.307,38340,38.34,4.58365210854204,3.4090
13023,Bleckley County,GA,438,0.438,12873,12.873,4.10967976925233,3.4025
5115,Pope County,AR,2180,2.18,64072,64.072,4.806668280655,3.4024
12129,Wakulla County,FL,1147,1.147,33739,33.739,4.52813220626384,3.3996
1051,Elmore County,AL,2759,2.759,81209,81.209,4.90960416266163,3.3974
22027,Claiborne Parish,LA,532,0.532,15670,15.67,4.19506899646859,3.3950
31053,Dodge County,NE,1240,1.24,36565,36.565,4.56306557776027,3.3912
13027,Brooks County,GA,524,0.524,15457,15.457,4.18912520692553,3.3900
29097,Jasper County,MO,4111,4.111,121328,121.328,5.08396103864249,3.3883
1107,Pickens County,AL,674,0.674,19930,19.93,4.29950729870049,3.3818
27099,Mower County,MN,1354,1.354,40062,40.062,4.60273262661713,3.3798
13275,Thomas County,GA,1500,1.5,44451,44.451,4.64788153560087,3.3745
20119,Meade County,KS,136,0.136,4033,4.033,3.60562822200762,3.3722
22105,Tangipahoa Parish,LA,4538,4.538,134758,134.758,5.12955455681035,3.3675
17017,Cass County,IL,409,0.409,12147,12.147,4.08446903148808,3.3671
36085,Richmond County,NY,16025,16.025,476143,476.143,5.67773740394763,3.3656
45081,Saluda County,SC,689,0.689,20473,20.473,4.31118148643302,3.3654
47017,Carroll County,TN,934,0.934,27767,27.767,4.44352896027506,3.3637
46029,Codington County,SD,942,0.942,28009,28.009,4.44729760356707,3.3632
13303,Washington County,GA,685,0.685,20374,20.374,4.30907630182233,3.3621
29157,Perry County,MO,643,0.643,19136,19.136,4.28185116230832,3.3602
31079,Hall County,NE,2061,2.061,61353,61.353,4.78783580343778,3.3592
13185,Lowndes County,GA,3942,3.942,117406,117.406,5.06969029197383,3.3576
12097,Osceola County,FL,12605,12.605,375751,375.751,5.57490014506441,3.3546
45071,Newberry County,SC,1287,1.287,38440,38.44,4.58478337899651,3.3481
20135,Ness County,KS,92,0.092,2750,2.75,3.43933269383026,3.3455
16025,Camas County,ID,37,0.037,1106,1.106,3.04375512696868,3.3454
46053,Gregory County,SD,140,0.14,4185,4.185,3.62169546232928,3.3453
47157,Shelby County,TN,31321,31.321,937166,937.166,5.97181652418417,3.3421
18039,Elkhart County,IN,6894,6.894,206341,206.341,5.31458553095233,3.3411
20187,Stanton County,KS,67,0.067,2006,2.006,3.3023309286844,3.3400
13267,Tattnall County,GA,844,0.844,25286,25.286,4.40288013360211,3.3378
28015,Carroll County,MS,332,0.332,9947,9.947,3.99769211794173,3.3377
55041,Forest County,WI,300,0.3,9004,9.004,3.95443548632848,3.3319
22031,De Soto Parish,LA,914,0.914,27463,27.463,4.43874797690223,3.3281
21227,Warren County,KY,4418,4.418,132896,132.896,5.12351190942978,3.3244
13155,Irwin County,GA,313,0.313,9416,9.416,3.97386644983538,3.3241
12021,Collier County,FL,12789,12.789,384902,384.902,5.5853501677501,3.3227
22079,Rapides Parish,LA,4302,4.302,129648,129.648,5.11276582156304,3.3182
19119,Lyon County,IA,390,0.39,11755,11.755,4.07022263346096,3.3177
47083,Houston County,TN,272,0.272,8201,8.201,3.91386681189624,3.3167
31149,Rock County,NE,45,0.045,1357,1.357,3.13257984765974,3.3161
22109,Terrebonne Parish,LA,3661,3.661,110461,110.461,5.0432089705599,3.3143
38035,Grand Forks County,ND,2301,2.301,69451,69.451,4.84167850336889,3.3131
19153,Polk County,IA,16235,16.235,490161,490.161,5.69033875334895,3.3122
48481,Wharton County,TX,1375,1.375,41556,41.556,4.61863373759709,3.3088
13115,Floyd County,GA,3259,3.259,98498,98.498,4.99342741224602,3.3087
55079,Milwaukee County,WI,31280,31.28,945726,945.726,5.9757653288706,3.3075
16077,Power County,ID,254,0.254,7681,7.681,3.88541776511094,3.3069
46049,Faulk County,SD,76,0.076,2299,2.299,3.36153897126928,3.3058
1093,Marion County,AL,981,0.981,29709,29.709,4.47288803376964,3.3020
28085,Lincoln County,MS,1127,1.127,34153,34.153,4.53342885812652,3.2999
29195,Saline County,MO,751,0.751,22761,22.761,4.35719133878373,3.2995
17027,Clinton County,IL,1239,1.239,37562,37.562,4.57474870835018,3.2985
1097,Mobile County,AL,13619,13.619,413210,413.21,5.61617082323545,3.2959
37091,Hertford County,NC,779,0.779,23677,23.677,4.37432667414956,3.2901
46013,Brown County,SD,1275,1.275,38839,38.839,4.58926803946272,3.2828
48273,Kleberg County,TX,1007,1.007,30680,30.68,4.48685535527694,3.2823
45027,Clarendon County,SC,1107,1.107,33745,33.745,4.52820943247741,3.2805
20111,Lyon County,KS,1088,1.088,33195,33.195,4.52107267298294,3.2776
28039,George County,MS,803,0.803,24500,24.5,4.38916608436453,3.2776
13119,Franklin County,GA,765,0.765,23349,23.349,4.36826828516843,3.2764
28139,Tippah County,MS,720,0.72,22015,22.015,4.34271868979554,3.2705
29143,New Madrid County,MO,558,0.558,17076,17.076,4.23238614613191,3.2677
22071,Orleans Parish,LA,12738,12.738,390144,390.144,5.59122493231543,3.2649
5071,Johnson County,AR,866,0.866,26578,26.578,4.42452229708663,3.2583
40065,Jackson County,OK,799,0.799,24530,24.53,4.38969754820639,3.2572
24033,Prince George's County,MD,29617,29.617,909327,909.327,5.95872008647596,3.2570
45023,Chester County,SC,1049,1.049,32244,32.244,4.50844891248079,3.2533
22067,Morehouse Parish,LA,809,0.809,24874,24.874,4.39574562999217,3.2524
6047,Merced County,CA,9019,9.019,277680,277.68,5.44354460066336,3.2480
13129,Gordon County,GA,1880,1.88,57963,57.963,4.76315085522785,3.2434
22023,Cameron Parish,LA,226,0.226,6973,6.973,3.84341966520492,3.2411
16053,Jerome County,ID,791,0.791,24412,24.412,4.38760336128456,3.2402
37167,Stanly County,NC,2033,2.033,62806,62.806,4.79800113485853,3.2370
46123,Tripp County,SD,176,0.176,5441,5.441,3.7356787259059,3.2347
22123,West Carroll Parish,LA,350,0.35,10830,10.83,4.03462845662532,3.2318
13131,Grady County,GA,796,0.796,24633,24.633,4.39151730684945,3.2314
47027,Clay County,TN,246,0.246,7615,7.615,3.88166990767206,3.2305
48311,McMullen County,TX,24,0.024,743,0.743,2.87098881376058,3.2301
48017,Bailey County,TX,226,0.226,7000,7,3.84509804001426,3.2286
36081,Queens County,NY,72692,72.692,2253858,2253.858,6.35292655068121,3.2252
5101,Newton County,AR,250,0.25,7753,7.753,3.88946978396951,3.2246
19059,Dickinson County,IA,556,0.556,17258,17.258,4.23699046465315,3.2217
1001,Autauga County,AL,1798,1.798,55869,55.869,4.74717089798682,3.2182
16031,Cassia County,ID,772,0.772,24030,24.03,4.3807537708039,3.2127
13085,Dawson County,GA,838,0.838,26108,26.108,4.41677360402394,3.2097
37015,Bertie County,NC,608,0.608,18947,18.947,4.27754045511743,3.2090
13075,Cook County,GA,553,0.553,17270,17.27,4.23729233756746,3.2021
12031,Duval County,FL,30666,30.666,957755,957.755,5.98125442791352,3.2019
47049,Fentress County,TN,593,0.593,18523,18.523,4.26771132672669,3.2014
29187,St. Francois County,MO,2150,2.15,67215,67.215,4.82746620296872,3.1987
25025,Suffolk County,MA,25708,25.708,803907,803.907,5.90520581028707,3.1979
5011,Bradley County,AR,344,0.344,10763,10.763,4.03193334027561,3.1961
13055,Chattooga County,GA,792,0.792,24789,24.789,4.39425900747611,3.1950
34039,Union County,NJ,17761,17.761,556341,556.341,5.74534106680336,3.1925
48309,McLennan County,TX,8179,8.179,256623,256.623,5.40929557770315,3.1872
1133,Winston County,AL,753,0.753,23629,23.629,4.37344534229798,3.1868
28113,Pike County,MS,1251,1.251,39288,39.288,4.59425992112355,3.1842
46043,Douglas County,SD,93,0.093,2921,2.921,3.46553155697355,3.1838
17181,Union County,IL,530,0.53,16653,16.653,4.22149248205152,3.1826
13291,Union County,GA,779,0.779,24511,24.511,4.38936102996373,3.1782
28093,Marshall County,MS,1121,1.121,35294,35.294,4.54770088135468,3.1762
20081,Haskell County,KS,126,0.126,3968,3.968,3.59857166348214,3.1754
4013,Maricopa County,AZ,142287,142.287,4485414,4485.414,6.65180253425138,3.1722
36071,Orange County,NY,12199,12.199,384940,384.94,5.58539304197709,3.1691
13261,Sumter County,GA,935,0.935,29524,29.524,4.47017519665518,3.1669
28089,Madison County,MS,3363,3.363,106272,106.272,5.02641885391829,3.1645
22075,Plaquemines Parish,LA,734,0.734,23197,23.197,4.36543182249042,3.1642
38055,McLean County,ND,299,0.299,9450,9.45,3.97543180850926,3.1640
45047,Greenwood County,SC,2239,2.239,70811,70.811,4.85010072757997,3.1619
13237,Putnam County,GA,699,0.699,22119,22.119,4.34476548862276,3.1602
47113,Madison County,TN,3096,3.096,97984,97.984,4.99115516468215,3.1597
47185,White County,TN,864,0.864,27345,27.345,4.43687792771066,3.1596
1015,Calhoun County,AL,3587,3.587,113605,113.605,5.05539744602837,3.1574
47147,Robertson County,TN,2266,2.266,71813,71.813,4.85620306983024,3.1554
13229,Pierce County,GA,614,0.614,19465,19.465,4.28925440805418,3.1544
36103,Suffolk County,NY,46563,46.563,1476601,1476.601,6.16926315820424,3.1534
48507,Zavala County,TX,373,0.373,11840,11.84,4.0733517023869,3.1503
19189,Winnebago County,IA,326,0.326,10354,10.354,4.01510816064584,3.1485
1071,Jackson County,AL,1624,1.624,51626,51.626,4.71286847706689,3.1457
22069,Natchitoches Parish,LA,1200,1.2,38158,38.158,4.58158560367026,3.1448
28149,Warren County,MS,1423,1.423,45381,45.381,4.65687406161716,3.1357
45017,Calhoun County,SC,456,0.456,14553,14.553,4.16295252934573,3.1334
48113,Dallas County,TX,82410,82.41,2635516,2635.516,6.42086565712492,3.1269
12099,Palm Beach County,FL,46698,46.698,1496770,1496.77,6.17515506994557,3.1199
28049,Hinds County,MS,7227,7.227,231840,231.84,5.3651883681271,3.1172
45031,Darlington County,SC,2075,2.075,66618,66.618,4.82359159019842,3.1148
28001,Adams County,MS,956,0.956,30693,30.693,4.48703933938556,3.1147
28025,Clay County,MS,601,0.601,19316,19.316,4.28591719672831,3.1114
28065,Jefferson Davis County,MS,346,0.346,11128,11.128,4.04641711698399,3.1093
49049,Utah County,UT,19757,19.757,636235,636.235,5.80361755645441,3.1053
12001,Alachua County,FL,8352,8.352,269043,269.043,5.42982169699236,3.1043
55061,Kewaunee County,WI,634,0.634,20434,20.434,4.31035338904499,3.1027
13215,Muscogee County,GA,6070,6.07,195769,195.769,5.29174392242715,3.1006
1113,Russell County,AL,1796,1.796,57961,57.961,4.76313586973798,3.0986
51690,Martinsville city,VA,389,0.389,12554,12.554,4.09878212431469,3.0986
20017,Chase County,KS,82,0.082,2648,2.648,3.42291798076766,3.0967
19063,Emmet County,IA,285,0.285,9208,9.208,3.96416531062174,3.0951
28033,DeSoto County,MS,5724,5.724,184945,184.945,5.2670425946308,3.0950
48071,Chambers County,TX,1356,1.356,43837,43.837,4.64184082540272,3.0933
34017,Hudson County,NJ,20767,20.767,672391,672.391,5.82762189174468,3.0885
30071,Phillips County,MT,122,0.122,3954,3.954,3.59703666497765,3.0855
1073,Jefferson County,AL,20308,20.308,658573,658.573,5.81860392165166,3.0836
19141,O'Brien County,IA,423,0.423,13753,13.753,4.13839744299055,3.0757
19049,Dallas County,IA,2872,2.872,93453,93.453,4.97059324752901,3.0732
5063,Independence County,AR,1162,1.162,37825,37.825,4.57777893669522,3.0720
1033,Colbert County,AL,1696,1.696,55241,55.241,4.74226153179202,3.0702
12085,Martin County,FL,4942,4.942,161000,161,5.20682587603185,3.0696
48039,Brazoria County,TX,11485,11.485,374264,374.264,5.57317805486419,3.0687
45055,Kershaw County,SC,2041,2.041,66551,66.551,4.82315458559911,3.0668
48297,Live Oak County,TX,374,0.374,12207,12.207,4.08660894457295,3.0638
53025,Grant County,WA,2988,2.988,97733,97.733,4.99004123002425,3.0573
13293,Upson County,GA,804,0.804,26320,26.32,4.42028588494192,3.0547
22087,St. Bernard Parish,LA,1441,1.441,47244,47.244,4.67434666083785,3.0501
45043,Georgetown County,SC,1911,1.911,62680,62.68,4.79712898779655,3.0488
38051,McIntosh County,ND,76,0.076,2497,2.497,3.39741854235135,3.0437
45085,Sumter County,SC,3247,3.247,106721,106.721,5.02824988602944,3.0425
47167,Tipton County,TN,1874,1.874,61599,61.599,4.7895736618721,3.0423
17157,Randolph County,IL,966,0.966,31782,31.782,4.50218122331924,3.0395
19143,Osceola County,IA,181,0.181,5958,5.958,3.77510049887902,3.0379
47063,Hamblen County,TN,1971,1.971,64934,64.934,4.81247215667563,3.0354
22021,Caldwell Parish,LA,301,0.301,9918,9.918,3.99642410395509,3.0349
48201,Harris County,TX,142681,142.681,4713325,4713.325,6.67332738689315,3.0272
38105,Williams County,ND,1137,1.137,37589,37.589,4.57506077210225,3.0248
45037,Edgefield County,SC,823,0.823,27260,27.26,4.43552585149865,3.0191
5131,Sebastian County,AR,3856,3.856,127827,127.827,5.10662259648693,3.0166
22061,Lincoln Parish,LA,1408,1.408,46742,46.742,4.66970729107677,3.0123
47047,Fayette County,TN,1239,1.239,41133,41.133,4.61419038555907,3.0122
1067,Henry County,AL,518,0.518,17205,17.205,4.23565467695695,3.0108
6099,Stanislaus County,CA,16573,16.573,550660,550.66,5.74088353043043,3.0097
38033,Golden Valley County,ND,53,0.053,1761,1.761,3.24575935596728,3.0097
38075,Renville County,ND,70,0.07,2327,2.327,3.36679638328673,3.0082
13251,Screven County,GA,420,0.42,13966,13.966,4.145072037705,3.0073
17029,Coles County,IL,1522,1.522,50621,50.621,4.70433072024128,3.0067
22005,Ascension Parish,LA,3804,3.804,126604,126.604,5.10244742724915,3.0046
37079,Greene County,NC,633,0.633,21069,21.069,4.32364392313595,3.0044
1007,Bibb County,AL,672,0.672,22394,22.394,4.35013167387254,3.0008
48245,Jefferson County,TX,7540,7.54,251565,251.565,5.40065021799652,2.9972
28069,Kemper County,MS,291,0.291,9742,9.742,3.98864812523575,2.9871
5081,Little River County,AR,366,0.366,12259,12.259,4.08845504504417,2.9856
16013,Blaine County,ID,687,0.687,23021,23.021,4.3621241848476,2.9842
1111,Randolph County,AL,678,0.678,22722,22.722,4.35644655550447,2.9839
48073,Cherokee County,TX,1569,1.569,52646,52.646,4.72136537943564,2.9803
32003,Clark County,NV,67499,67.499,2266715,2266.715,6.355396918579,2.9778
38017,Cass County,ND,5416,5.416,181923,181.923,5.25988760913292,2.9771
5107,Phillips County,AR,529,0.529,17782,17.782,4.24998060590953,2.9749
45013,Beaufort County,SC,5704,5.704,192122,192.122,5.28357709901857,2.9689
48463,Uvalde County,TX,793,0.793,26741,26.741,4.42717764400156,2.9655
44007,Providence County,RI,18927,18.927,638931,638.931,5.80545395997801,2.9623
13135,Gwinnett County,GA,27733,27.733,936250,936.25,5.97139183070752,2.9621
13051,Chatham County,GA,8548,8.548,289430,289.43,5.46154354461025,2.9534
5111,Poinsett County,AR,693,0.693,23528,23.528,4.37158501149901,2.9454
45051,Horry County,SC,10416,10.416,354081,354.081,5.54910262312484,2.9417
48141,El Paso County,TX,24666,24.666,839238,839.238,5.92388514012435,2.9391
5137,Stone County,AR,367,0.367,12506,12.506,4.09711842434465,2.9346
6039,Madera County,CA,4614,4.614,157327,157.327,5.19680326136942,2.9327
45067,Marion County,SC,898,0.898,30657,30.657,4.48652965387153,2.9292
37077,Granville County,NC,1770,1.77,60443,60.443,4.78134601177407,2.9284
4005,Coconino County,AZ,4198,4.198,143476,143.476,5.15677926037818,2.9259
13029,Bryan County,GA,1159,1.159,39627,39.627,4.59799119489885,2.9248
40001,Adair County,OK,649,0.649,22194,22.194,4.34623558169904,2.9242
1123,Tallapoosa County,AL,1178,1.178,40367,40.367,4.60602647465534,2.9182
12113,Santa Rosa County,FL,5378,5.378,184313,184.313,5.26555596804139,2.9179
27083,Lyon County,MN,743,0.743,25474,25.474,4.4060971444741,2.9167
30035,Glacier County,MT,401,0.401,13753,13.753,4.13839744299055,2.9157
28041,Greene County,MS,396,0.396,13586,13.586,4.13309161025471,2.9148
13301,Warren County,GA,153,0.153,5254,5.254,3.72049006845005,2.9121
47087,Jackson County,TN,343,0.343,11786,11.786,4.07136643675913,2.9102
10005,Sussex County,DE,6807,6.807,234225,234.225,5.3696332476219,2.9062
31055,Douglas County,NE,16600,16.6,571327,571.327,5.75688474860795,2.9055
12095,Orange County,FL,40485,40.485,1393452,1393.452,6.14409201324009,2.9054
1057,Fayette County,AL,473,0.473,16302,16.302,4.21224088880153,2.9015
29069,Dunklin County,MO,845,0.845,29131,29.131,4.46435539321083,2.9007
47127,Moore County,TN,188,0.188,6488,6.488,3.8121108412031,2.8977
40047,Garfield County,OK,1767,1.767,61056,61.056,4.78572834868798,2.8941
48029,Bexar County,TX,57936,57.936,2003554,2003.554,6.30180105207742,2.8917
1045,Dale County,AL,1421,1.421,49172,49.172,4.69171787294949,2.8899
47149,Rutherford County,TN,9579,9.579,332285,332.285,5.52151073681207,2.8828
40115,Ottawa County,OK,897,0.897,31127,31.127,4.49313726567997,2.8817
28009,Benton County,MS,238,0.238,8259,8.259,3.91692746611299,2.8817
12081,Manatee County,FL,11619,11.619,403253,403.253,5.60557760700607,2.8813
12057,Hillsborough County,FL,42380,42.38,1471968,1471.968,6.16789836871447,2.8791
12107,Putnam County,FL,2145,2.145,74521,74.521,4.8722786740767,2.8784
29017,Bollinger County,MO,349,0.349,12133,12.133,4.08396819759842,2.8765
19039,Clarke County,IA,270,0.27,9395,9.395,3.97289678443654,2.8739
6019,Fresno County,CA,28706,28.706,999101,999.101,5.9996093936569,2.8732
13315,Wilcox County,GA,248,0.248,8635,8.635,3.93626234190348,2.8720
5075,Lawrence County,AR,471,0.471,16406,16.406,4.21500270721495,2.8709
40119,Payne County,OK,2346,2.346,81784,81.784,4.91266834778649,2.8685
22059,La Salle Parish,LA,427,0.427,14892,14.892,4.17295302754635,2.8673
37177,Tyrrell County,NC,115,0.115,4016,4.016,3.60379370413696,2.8635
47175,Van Buren County,TN,168,0.168,5872,5.872,3.76878604690801,2.8610
48321,Matagorda County,TX,1048,1.048,36643,36.643,4.56399102258615,2.8600
1117,Shelby County,AL,6221,6.221,217702,217.702,5.33786241886642,2.8576
1099,Monroe County,AL,592,0.592,20733,20.733,4.31666214768863,2.8554
40015,Caddo County,OK,821,0.821,28762,28.762,4.45881908194603,2.8545
55083,Oconto County,WI,1081,1.081,37930,37.93,4.57898284270279,2.8500
13173,Lanier County,GA,297,0.297,10423,10.423,4.01799273776643,2.8495
19161,Sac County,IA,277,0.277,9721,9.721,3.98771094313031,2.8495
13189,McDuffie County,GA,607,0.607,21312,21.312,4.32862420749021,2.8482
28073,Lamar County,MS,1802,1.802,63343,63.343,4.80169862822743,2.8448
37017,Bladen County,NC,930,0.93,32722,32.722,4.51483984030548,2.8421
13281,Towns County,GA,342,0.342,12037,12.037,4.08051826052712,2.8412
55063,La Crosse County,WI,3351,3.351,118016,118.016,5.0719408907015,2.8394
55087,Outagamie County,WI,5333,5.333,187885,187.885,5.27389210911987,2.8384
17031,Cook County,IL,146152,146.152,5150233,5150.233,6.71182687725969,2.8378
1023,Choctaw County,AL,357,0.357,12589,12.589,4.09999123354468,2.8358
13311,White County,GA,873,0.873,30798,30.798,4.48852251464441,2.8346
39107,Mercer County,OH,1167,1.167,41172,41.172,4.6146019641038,2.8345
16073,Owyhee County,ID,335,0.335,11823,11.823,4.07272768958527,2.8335
48041,Brazos County,TX,6492,6.492,229211,229.211,5.36023545589861,2.8323
5031,Craighead County,AR,3124,3.124,110332,110.332,5.04270149075266,2.8315
55101,Racine County,WI,5557,5.557,196311,196.311,5.29294463533845,2.8307
20037,Crawford County,KS,1098,1.098,38818,38.818,4.58903315569584,2.8286
1009,Blount County,AL,1634,1.634,57826,57.826,4.76212315187459,2.8257
47041,DeKalb County,TN,578,0.578,20490,20.49,4.31154195840119,2.8209
28075,Lauderdale County,MS,2090,2.09,74125,74.125,4.86996470637232,2.8196
13235,Pulaski County,GA,314,0.314,11137,11.137,4.04676821966084,2.8194
21109,Jackson County,KY,375,0.375,13329,13.329,4.12479756796053,2.8134
48253,Jones County,TX,565,0.565,20083,20.083,4.30282858826026,2.8133
37191,Wayne County,NC,3459,3.459,123131,123.131,5.09036740657899,2.8092
1103,Morgan County,AL,3362,3.362,119679,119.679,5.07801795170775,2.8092
5037,Cross County,AR,461,0.461,16419,16.419,4.21534670286217,2.8077
37195,Wilson County,NC,2296,2.296,81801,81.801,4.91275861286237,2.8068
46041,Dewey County,SD,165,0.165,5892,5.892,3.77026273817059,2.8004
1069,Houston County,AL,2962,2.962,105882,105.882,5.02482213607435,2.7975
45029,Colleton County,SC,1054,1.054,37677,37.677,4.57607631515813,2.7975
29147,Nodaway County,MO,618,0.618,22092,22.092,4.34423503455164,2.7974
1075,Lamar County,AL,386,0.386,13805,13.805,4.14003641097528,2.7961
16083,Twin Falls County,ID,2424,2.424,86878,86.878,4.93890981455875,2.7901
47003,Bedford County,TN,1387,1.387,49713,49.713,4.69646997203324,2.7900
13157,Jackson County,GA,2035,2.035,72977,72.977,4.86318600605212,2.7885
45045,Greenville County,SC,14577,14.577,523542,523.542,5.71895152772751,2.7843
28005,Amite County,MS,342,0.342,12297,12.297,4.08979917303616,2.7812
29095,Jackson County (including other portions of Kansas City),MO,19550,19.55,703011,703.011,5.84696212047064,2.7809
13133,Greene County,GA,509,0.509,18324,18.324,4.26302028310405,2.7778
37147,Pitt County,NC,5019,5.019,180742,180.742,5.25705908365539,2.7769
1029,Cleburne County,AL,414,0.414,14910,14.91,4.17347764345299,2.7767
12105,Polk County,FL,20120,20.12,724777,724.777,5.86020440303027,2.7760
46127,Union County,SD,442,0.442,15932,15.932,4.20227029773729,2.7743
47011,Bradley County,TN,2998,2.998,108110,108.11,5.0338658673479,2.7731
40101,Muskogee County,OK,1885,1.885,67997,67.997,4.8324897522329,2.7722
13187,Lumpkin County,GA,930,0.93,33610,33.61,4.52646851246948,2.7670
28087,Lowndes County,MS,1621,1.621,58595,58.595,4.76786055859395,2.7664
13007,Baker County,GA,84,0.084,3038,3.038,3.48258776952677,2.7650
55015,Calumet County,WI,1384,1.384,50089,50.089,4.69974236131984,2.7631
20103,Leavenworth County,KS,2258,2.258,81758,81.758,4.91253025901877,2.7618
12041,Gilchrist County,FL,513,0.513,18582,18.582,4.26909245574043,2.7607
49035,Salt Lake County,UT,32019,32.019,1160437,1160.437,6.06462156763119,2.7592
46065,Hughes County,SD,483,0.483,17526,17.526,4.24368280735719,2.7559
51740,Portsmouth City,VA,2599,2.599,94398,94.398,4.97496279304632,2.7532
16001,Ada County,ID,13256,13.256,481587,481.587,5.68267475502621,2.7526
19055,Delaware County,IA,468,0.468,17011,17.011,4.23072984457768,2.7512
48063,Camp County,TX,360,0.36,13094,13.094,4.11707233658598,2.7494
13015,Bartow County,GA,2960,2.96,107738,107.738,5.03236890923643,2.7474
29159,Pettis County,MO,1163,1.163,42339,42.339,4.62674059625282,2.7469
47155,Sevier County,TN,2698,2.698,98250,98.25,4.99233255904746,2.7461
37065,Edgecombe County,NC,1412,1.412,51472,51.472,4.71157104355789,2.7432
53017,Douglas County,WA,1191,1.191,43429,43.429,4.63777982937416,2.7424
1121,Talladega County,AL,2192,2.192,79978,79.978,4.90297053958465,2.7408
5099,Nevada County,AR,226,0.226,8252,8.252,3.91655921930111,2.7387
45025,Chesterfield County,SC,1249,1.249,45650,45.65,4.65944078187032,2.7360
22103,St. Tammany Parish,LA,7118,7.118,260419,260.419,5.41567266689359,2.7333
48501,Yoakum County,TX,238,0.238,8713,8.713,3.94016771403407,2.7316
13317,Wilkes County,GA,267,0.267,9777,9.777,3.99020561518481,2.7309
48275,Knox County,TX,100,0.1,3664,3.664,3.56395546499581,2.7293
27117,Pipestone County,MN,249,0.249,9126,9.126,3.96028046443664,2.7285
45053,Jasper County,SC,820,0.82,30073,30.073,4.478176754288,2.7267
37105,Lee County,NC,1683,1.683,61779,61.779,4.79084087421476,2.7242
22063,Livingston Parish,LA,3831,3.831,140789,140.789,5.14856872422426,2.7211
48399,Runnels County,TX,279,0.279,10264,10.264,4.01131664336687,2.7182
35045,San Juan County,NM,3366,3.366,123958,123.958,5.09327456050068,2.7154
22011,Beauregard Parish,LA,1018,1.018,37497,37.497,4.57399652277935,2.7149
22029,Concordia Parish,LA,521,0.521,19259,19.259,4.28463373316459,2.7052
6037,Los Angeles County,CA,271371,271.371,10039107,10039.107,7.00169508310574,2.7031
5041,Desha County,AR,307,0.307,11361,11.361,4.05541655984049,2.7022
55127,Walworth County,WI,2803,2.803,103868,103.868,5.01648176927052,2.6986
36047,Kings County,NY,69062,69.062,2559903,2559.903,6.40822350931073,2.6978
51540,Charlottesville City,VA,1274,1.274,47266,47.266,4.6745488506331,2.6954
13013,Barrow County,GA,2240,2.24,83240,83.24,4.92033207153959,2.6910
37041,Chowan County,NC,375,0.375,13943,13.943,4.14435622736818,2.6895
38039,Griggs County,ND,60,0.06,2231,2.231,3.34849957028384,2.6894
13181,Lincoln County,GA,213,0.213,7921,7.921,3.89878001328983,2.6891
46021,Campbell County,SD,37,0.037,1376,1.376,3.13861843389949,2.6890
1003,Baldwin County,AL,5997,5.997,223234,223.234,5.34876034119676,2.6864
29117,Livingston County,MO,409,0.409,15227,15.227,4.18261434773635,2.6860
12131,Walton County,FL,1989,1.989,74071,74.071,4.86964820791,2.6853
1087,Macon County,AL,485,0.485,18068,18.068,4.25691008188936,2.6843
6077,San Joaquin County,CA,20457,20.457,762148,762.148,5.88203931430829,2.6841
40143,Tulsa County,OK,17482,17.482,651552,651.552,5.81394908223104,2.6831
13035,Butts County,GA,669,0.669,24936,24.936,4.39682678926878,2.6829
12083,Marion County,FL,9806,9.806,365579,365.579,5.56298124054631,2.6823
38041,Hettinger County,ND,67,0.067,2499,2.499,3.39776625612645,2.6811
13263,Talbot County,GA,166,0.166,6195,6.195,3.79204131071208,2.6796
51153,Prince William County,VA,12594,12.594,470335,470.335,5.67240729799185,2.6777
22015,Bossier Parish,LA,3401,3.401,127039,127.039,5.10393706650469,2.6771
19139,Muscatine County,IA,1140,1.14,42664,42.664,4.63006157067482,2.6720
12071,Lee County,FL,20586,20.586,770577,770.577,5.88681604215148,2.6715
1115,St. Clair County,AL,2389,2.389,89512,89.512,4.95188126084035,2.6689
13269,Taylor County,GA,214,0.214,8020,8.02,3.90417436828416,2.6683
53075,Whitman County,WA,1336,1.336,50104,50.104,4.69987239869325,2.6665
21075,Fulton County,KY,159,0.159,5969,5.969,3.77590157889167,2.6638
1031,Coffee County,AL,1394,1.394,52342,52.342,4.71885031311412,2.6633
24510,Baltimore City,MD,15793,15.793,593490,593.49,5.77341340571452,2.6610
55115,Shawano County,WI,1087,1.087,40899,40.899,4.61171268943054,2.6578
47065,Hamilton County,TN,9741,9.741,367804,367.804,5.5656164480355,2.6484
34013,Essex County,NJ,21157,21.157,798975,798.975,5.90253319041298,2.6480
21031,Butler County,KY,341,0.341,12879,12.879,4.1098821431991,2.6477
13321,Worth County,GA,536,0.536,20247,20.247,4.30636068286105,2.6473
13123,Gilmer County,GA,830,0.83,31369,31.369,4.49650067421562,2.6459
48279,Lamb County,TX,341,0.341,12893,12.893,4.110353982664,2.6448
25009,Essex County,MA,20863,20.863,789034,789.034,5.89709571765079,2.6441
47177,Warren County,TN,1091,1.091,41277,41.277,4.61570812537324,2.6431
18145,Shelby County,IN,1182,1.182,44729,44.729,4.65058918882017,2.6426
55051,Iron County,WI,150,0.15,5687,5.687,3.75488322825217,2.6376
17049,Effingham County,IL,896,0.896,34008,34.008,4.53158109195907,2.6347
40009,Beckham County,OK,575,0.575,21859,21.859,4.33963029007408,2.6305
37119,Mecklenburg County,NC,29132,29.132,1110356,1110.356,6.04546224369452,2.6237
47143,Rhea County,TN,870,0.87,33167,33.167,4.52070619077279,2.6231
13111,Fannin County,GA,686,0.686,26188,26.188,4.41810233224996,2.6195
48349,Navarro County,TX,1312,1.312,50113,50.113,4.69995040243209,2.6181
38061,Mountrail County,ND,276,0.276,10545,10.545,4.02304658407551,2.6174
17163,St. Clair County,IL,6796,6.796,259686,259.686,5.41444853689678,2.6170
55075,Marinette County,WI,1055,1.055,40350,40.35,4.60584353905809,2.6146
27013,Blue Earth County,MN,1768,1.768,67653,67.653,4.83028705968542,2.6133
51131,Northampton County,VA,306,0.306,11710,11.71,4.06855689507236,2.6132
13121,Fulton County,GA,27790,27.79,1063937,1063.937,6.02691591239286,2.6120
37127,Nash County,NC,2463,2.463,94298,94.298,4.97450248172805,2.6119
46045,Edmunds County,SD,100,0.1,3829,3.829,3.58308536634769,2.6116
13067,Cobb County,GA,19829,19.829,760141,760.141,5.8808941578627,2.6086
20025,Clark County,KS,52,0.052,1994,1.994,3.29972515397564,2.6078
28037,Franklin County,MS,201,0.201,7713,7.713,3.88722333136252,2.6060
55139,Winnebago County,WI,4479,4.479,171907,171.907,5.23529356138442,2.6055
20093,Kearny County,KS,100,0.1,3838,3.838,3.58410497039945,2.6055
46015,Brule County,SD,138,0.138,5297,5.297,3.7240299729356,2.6052
8079,Mineral County,CO,20,0.02,769,0.769,2.88592633980143,2.6008
6041,Marin County,CA,6729,6.729,258826,258.826,5.41300790062636,2.5998
38025,Dunn County,ND,115,0.115,4424,4.424,3.64581511829664,2.5995
8087,Morgan County,CO,755,0.755,29068,29.068,4.46341515152122,2.5974
47165,Sumner County,TN,4968,4.968,191283,191.283,5.28167637444831,2.5972
27145,Stearns County,MN,4178,4.178,161075,161.075,5.20702814001838,2.5938
37095,Hyde County,NC,128,0.128,4937,4.937,3.69346312721953,2.5927
55135,Waupaca County,WI,1321,1.321,50990,50.99,4.70748501196747,2.5907
13011,Banks County,GA,498,0.498,19234,19.234,4.28406961171008,2.5892
4012,La Paz County,AZ,545,0.545,21108,21.108,4.32444708550509,2.5820
29053,Cooper County,MO,457,0.457,17709,17.709,4.24819403794086,2.5806
48209,Hays County,TX,5940,5.94,230191,230.191,5.36208833959461,2.5805
45035,Dorchester County,SC,4201,4.201,162809,162.809,5.21167840879827,2.5803
29019,Boone County,MO,4656,4.656,180463,180.463,5.25638817276242,2.5800
13199,Meriwether County,GA,546,0.546,21167,21.167,4.32565930980164,2.5795
37007,Anson County,NC,630,0.63,24446,24.446,4.38820780742514,2.5771
47137,Pickett County,TN,130,0.13,5048,5.048,3.70311934623608,2.5753
38063,Nelson County,ND,74,0.074,2879,2.879,3.45924166487808,2.5703
21177,Muhlenberg County,KY,787,0.787,30622,30.622,4.48603355215579,2.5700
47119,Maury County,TN,2472,2.472,96387,96.387,4.98401846327023,2.5647
20021,Cherokee County,KS,511,0.511,19939,19.939,4.29970337336519,2.5628
51147,Prince Edward County,VA,584,0.584,22802,22.802,4.35797294133686,2.5612
13081,Crisp County,GA,573,0.573,22372,22.372,4.34970481065621,2.5612
20023,Cheyenne County,KS,68,0.068,2657,2.657,3.42439155441028,2.5593
38093,Stutsman County,ND,529,0.529,20704,20.704,4.31605425898861,2.5551
5015,Carroll County,AR,725,0.725,28380,28.38,4.45301239112146,2.5546
47061,Grundy County,TN,343,0.343,13427,13.427,4.12797898891691,2.5546
19077,Guthrie County,IA,273,0.273,10689,10.689,4.02893707707068,2.5540
19033,Cerro Gordo County,IA,1080,1.08,42450,42.45,4.62787769457997,2.5442
34011,Cumberland County,NJ,3802,3.802,149527,149.527,5.17471962003352,2.5427
47099,Lawrence County,TN,1122,1.122,44142,44.142,4.64485200642614,2.5418
6071,San Bernardino County,CA,55394,55.394,2180085,2180.085,6.33847342677493,2.5409
4007,Gila County,AZ,1372,1.372,54018,54.018,4.73253850052816,2.5399
13093,Dooly County,GA,340,0.34,13390,13.39,4.12678057701201,2.5392
48127,Dimmit County,TX,257,0.257,10124,10.124,4.00535213648622,2.5385
37047,Columbus County,NC,1409,1.409,55508,55.508,4.74435557961773,2.5384
13207,Monroe County,GA,700,0.7,27578,27.578,4.44056276726192,2.5383
19151,Pocahontas County,IA,168,0.168,6619,6.619,3.8207923810882,2.5381
17091,Kankakee County,IL,2788,2.788,109862,109.862,5.04084750093928,2.5377
28059,Jackson County,MS,3643,3.643,143617,143.617,5.15720585055538,2.5366
30101,Toole County,MT,120,0.12,4736,4.736,3.67541169371486,2.5338
48109,Culberson County,TX,55,0.055,2171,2.171,3.33665982345442,2.5334
21087,Green County,KY,277,0.277,10941,10.941,4.03905701803344,2.5318
40039,Custer County,OK,734,0.734,29003,29.003,4.46244292259067,2.5308
18141,St. Joseph County,IN,6876,6.876,271826,271.826,5.43429099439976,2.5296
48291,Liberty County,TX,2231,2.231,88219,88.219,4.94556213055706,2.5289
17033,Crawford County,IL,472,0.472,18667,18.667,4.2710745274759,2.5285
13211,Morgan County,GA,487,0.487,19276,19.276,4.28501691762917,2.5265
12075,Levy County,FL,1046,1.046,41503,41.503,4.61807949035922,2.5203
1061,Geneva County,AL,662,0.662,26271,26.271,4.41947660442734,2.5199
56039,Teton County,WY,591,0.591,23464,23.464,4.3704020499725,2.5188
20189,Stevens County,KS,138,0.138,5485,5.485,3.73917663191073,2.5160
47189,Wilson County,TN,3636,3.636,144657,144.657,5.16033945414589,2.5135
45003,Aiken County,SC,4290,4.29,170872,170.872,5.23267090273384,2.5107
48347,Nacogdoches County,TX,1635,1.635,65204,65.204,4.8142742387479,2.5075
45063,Lexington County,SC,7490,7.49,298750,298.75,5.47530791395619,2.5071
17089,Kane County,IL,13344,13.344,532403,532.403,5.72624049398478,2.5064
45059,Laurens County,SC,1691,1.691,67493,67.493,4.82925873254929,2.5054
45065,McCormick County,SC,237,0.237,9463,9.463,3.97602884009113,2.5045
46129,Walworth County,SD,136,0.136,5435,5.435,3.73519954842231,2.5023
53047,Okanogan County,WA,1057,1.057,42243,42.243,4.62575475320901,2.5022
20161,Riley County,KS,1857,1.857,74232,74.232,4.87059116171478,2.5016
12087,Monroe County,FL,1855,1.855,74228,74.228,4.87056775907531,2.4991
45077,Pickens County,SC,3169,3.169,126884,126.884,5.10340686126093,2.4976
6011,Colusa County,CA,538,0.538,21547,21.547,4.33338681165953,2.4969
5121,Randolph County,AR,448,0.448,17958,17.958,4.25425796722384,2.4947
48005,Angelina County,TX,2163,2.163,86715,86.715,4.9380942284308,2.4944
13089,DeKalb County,GA,18938,18.938,759297,759.297,5.88041168397377,2.4941
19045,Clinton County,IA,1156,1.156,46429,46.429,4.66678932981826,2.4898
27067,Kandiyohi County,MN,1071,1.071,43199,43.199,4.63547369358555,2.4792
48277,Lamar County,TX,1236,1.236,49859,49.859,4.69774356380199,2.4790
47081,Hickman County,TN,624,0.624,25178,25.178,4.40102122920867,2.4784
13271,Telfair County,GA,393,0.393,15860,15.86,4.20030318298159,2.4779
48405,San Augustine County,TX,204,0.204,8237,8.237,3.91576906598368,2.4766
17097,Lake County,IL,17246,17.246,696535,696.535,5.84294294405497,2.4760
13097,Douglas County,GA,3621,3.621,146343,146.343,5.16537195373203,2.4743
12111,St. Lucie County,FL,8120,8.12,328297,328.297,5.51626691413538,2.4734
48293,Limestone County,TX,579,0.579,23437,23.437,4.36990202002402,2.4705
5001,Arkansas County,AR,432,0.432,17486,17.486,4.24269047405237,2.4705
21225,Union County,KY,355,0.355,14381,14.381,4.15778908628205,2.4685
37159,Rowan County,NC,3501,3.501,142088,142.088,5.15255740126423,2.4640
48205,Hartley County,TX,137,0.137,5576,5.576,3.74632276508995,2.4570
4019,Pima County,AZ,25706,25.706,1047279,1047.279,6.02006239516417,2.4546
47139,Polk County,TN,413,0.413,16832,16.832,4.22613572247364,2.4537
29127,Marion County,MO,700,0.7,28530,28.53,4.45530177165708,2.4536
19147,Palo Alto County,IA,218,0.218,8886,8.886,3.94870630890485,2.4533
5119,Pulaski County,AR,9612,9.612,391911,391.911,5.59318745325166,2.4526
13289,Twiggs County,GA,199,0.199,8120,8.12,3.90955602924118,2.4507
37063,Durham County,NC,7878,7.878,321488,321.488,5.50716476689929,2.4505
19035,Cherokee County,IA,275,0.275,11235,11.235,4.05057307675515,2.4477
13225,Peach County,GA,674,0.674,27546,27.546,4.44005854314966,2.4468
31119,Madison County,NE,857,0.857,35099,35.099,4.5452947432274,2.4417
49043,Summit County,UT,1029,1.029,42145,42.145,4.62474605817277,2.4416
18037,Dubois County,IN,1043,1.043,42736,42.736,4.6307938706773,2.4406
13063,Clayton County,GA,7114,7.114,292256,292.256,5.46576343596781,2.4342
19165,Shelby County,IA,278,0.278,11454,11.454,4.05895717877731,2.4271
6035,Lassen County,CA,742,0.742,30573,30.573,4.48533805630935,2.4270
47043,Dickson County,TN,1309,1.309,53948,53.948,4.73197534883238,2.4264
45001,Abbeville County,SC,595,0.595,24527,24.527,4.38964443107948,2.4259
5007,Benton County,AR,6767,6.767,279141,279.141,5.44582362998925,2.4242
13073,Columbia County,GA,3796,3.796,156714,156.714,5.19510779577399,2.4222
34003,Bergen County,NJ,22579,22.579,932202,932.202,5.96951003035803,2.4221
16019,Bonneville County,ID,2882,2.882,119062,119.062,5.07577317354304,2.4206
51510,Alexandria City,VA,3859,3.859,159428,159.428,5.20256459797347,2.4205
48371,Pecos County,TX,383,0.383,15823,15.823,4.19928882808241,2.4205
45015,Berkeley County,SC,5515,5.515,227907,227.907,5.35775766442867,2.4198
29021,Buchanan County,MO,2114,2.114,87364,87.364,4.9413325101839,2.4198
19173,Taylor County,IA,148,0.148,6121,6.121,3.78682237949919,2.4179
48099,Coryell County,TX,1834,1.834,75951,75.951,4.88053349632419,2.4147
12089,Nassau County,FL,2139,2.139,88625,88.625,4.94755624819112,2.4135
48139,Ellis County,TX,4459,4.459,184826,184.826,5.26676306462369,2.4125
12091,Okaloosa County,FL,5082,5.082,210738,210.738,5.32374285408131,2.4115
46083,Lincoln County,SD,1474,1.474,61128,61.128,4.78624018667522,2.4113
29201,Scott County,MO,923,0.923,38280,38.28,4.58297192910481,2.4112
47051,Franklin County,TN,1017,1.017,42208,42.208,4.62539477386627,2.4095
6065,Riverside County,CA,59488,59.488,2470546,2470.546,6.39279294458859,2.4079
19155,Pottawattamie County,IA,2244,2.244,93206,93.206,4.96944387032628,2.4076
37181,Vance County,NC,1072,1.072,44535,44.535,4.64870145665173,2.4071
35023,Hidalgo County,NM,101,0.101,4198,4.198,3.62304243424638,2.4059
40079,Le Flore County,OK,1199,1.199,49853,49.853,4.69769129793841,2.4051
51117,Mecklenburg County,VA,735,0.735,30587,30.587,4.48553688308675,2.4030
38021,Dickey County,ND,117,0.117,4872,4.872,3.68770727962482,2.4015
53007,Chelan County,WA,1853,1.853,77200,77.2,4.88761730033574,2.4003
48361,Orange County,TX,1999,1.999,83396,83.396,4.92114522066666,2.3970
29213,Taney County,MO,1339,1.339,55928,55.928,4.74762928912095,2.3941
27091,Martin County,MN,471,0.471,19683,19.683,4.29409129247696,2.3929
48043,Brewster County,TX,220,0.22,9203,9.203,3.96392942202656,2.3905
51730,Petersburg city,VA,749,0.749,31346,31.346,4.49618212925727,2.3895
13039,Camden County,GA,1306,1.306,54666,54.666,4.73771729702157,2.3891
5139,Union County,AR,924,0.924,38682,38.682,4.58750892059475,2.3887
34023,Middlesex County,NJ,19679,19.679,825062,825.062,5.91648658521193,2.3852
37071,Gaston County,NC,5352,5.352,224529,224.529,5.35127244211702,2.3837
5039,Dallas County,AR,167,0.167,7009,7.009,3.84565605998354,2.3827
1019,Cherokee County,AL,624,0.624,26196,26.196,4.41823498175676,2.3820
37023,Burke County,NC,2155,2.155,90485,90.485,4.95657659072833,2.3816
37131,Northampton County,NC,464,0.464,19483,19.483,4.28965583052675,2.3816
13057,Cherokee County,GA,6159,6.159,258773,258.773,5.41291896070329,2.3801
29145,Newton County,MO,1385,1.385,58236,58.236,4.76519153736291,2.3783
55121,Trempealeau County,WI,705,0.705,29649,29.649,4.47201005008457,2.3778
19099,Jasper County,IA,884,0.884,37185,37.185,4.5703677858235,2.3773
37045,Cleveland County,NC,2328,2.328,97947,97.947,4.99099113861153,2.3768
5033,Crawford County,AR,1503,1.503,63257,63.257,4.80110859139981,2.3760
55059,Kenosha County,WI,4026,4.026,169561,169.561,5.22932596919131,2.3744
29123,Madison County,MO,287,0.287,12088,12.088,4.08235445133097,2.3743
48325,Medina County,TX,1224,1.224,51584,51.584,4.71251501578898,2.3728
13019,Berrien County,GA,460,0.46,19397,19.397,4.28773456579649,2.3715
37001,Alamance County,NC,4018,4.018,169509,169.509,5.22919276181091,2.3704
29510,City of St. Louis,MO,7119,7.119,300576,300.576,5.47795430065648,2.3685
12019,Clay County,FL,5193,5.193,219252,219.252,5.34094356365724,2.3685
40073,Kingfisher County,OK,373,0.373,15765,15.765,4.19769397508392,2.3660
13195,Madison County,GA,706,0.706,29880,29.88,4.47538059314336,2.3628
48505,Zapata County,TX,335,0.335,14179,14.179,4.15164560251163,2.3626
34021,Mercer County,NJ,8675,8.675,367430,367.43,5.5651746127824,2.3610
29189,St. Louis County,MO,23417,23.417,994205,994.205,5.99747594293791,2.3553
47123,Monroe County,TN,1094,1.094,46545,46.545,4.66787303463985,2.3504
5025,Cleveland County,AR,187,0.187,7956,7.956,3.9006947744524,2.3504
13045,Carroll County,GA,2819,2.819,119992,119.992,5.07915229211702,2.3493
48199,Hardin County,TX,1352,1.352,57602,57.602,4.76043756283093,2.3471
29031,Cape Girardeau County,MO,1851,1.851,78871,78.871,4.89691734725089,2.3469
6053,Monterey County,CA,10181,10.181,434061,434.061,5.63755076661345,2.3455
29133,Mississippi County,MO,309,0.309,13180,13.18,4.11991541025799,2.3445
48257,Kaufman County,TX,3192,3.192,136154,136.154,5.13403040478292,2.3444
13177,Lee County,GA,703,0.703,29992,29.992,4.47700542741349,2.3440
49051,Wasatch County,UT,799,0.799,34091,34.091,4.53263974068657,2.3437
38003,Barnes County,ND,244,0.244,10415,10.415,4.01765927428376,2.3428
19125,Marion County,IA,779,0.779,33253,33.253,4.52183083233604,2.3426
13217,Newton County,GA,2617,2.617,111744,111.744,5.04822421335344,2.3420
31099,Kearney County,NE,152,0.152,6495,6.495,3.81257915540905,2.3403
37153,Richmond County,NC,1049,1.049,44829,44.829,4.65155905117171,2.3400
19037,Chickasaw County,IA,279,0.279,11933,11.933,4.076749640624,2.3381
46115,Spink County,SD,149,0.149,6376,6.376,3.80454830838806,2.3369
18041,Fayette County,IN,539,0.539,23102,23.102,4.36364957951832,2.3331
47031,Coffee County,TN,1318,1.318,56520,56.52,4.75220215317652,2.3319
20147,Phillips County,KS,122,0.122,5234,5.234,3.71883371830386,2.3309
40109,Oklahoma County,OK,18580,18.58,797434,797.434,5.9016947486296,2.3300
17019,Champaign County,IL,4879,4.879,209689,209.689,5.32157564856452,2.3268
55027,Dodge County,WI,2043,2.043,87839,87.839,4.94368738292394,2.3258
46011,Brookings County,SD,815,0.815,35077,35.077,4.54502244275673,2.3235
48453,Travis County,TX,29514,29.514,1273954,1273.954,6.10515374675378,2.3167
48195,Hansford County,TX,125,0.125,5399,5.399,3.73231332747124,2.3152
51047,Culpeper County,VA,1217,1.217,52605,52.605,4.72102702493718,2.3135
40021,Cherokee County,OK,1125,1.125,48657,48.657,4.68714532852389,2.3121
47117,Marshall County,TN,794,0.794,34375,34.375,4.53624270683832,2.3098
4021,Pinal County,AZ,10672,10.672,462789,462.789,5.66538302768664,2.3060
31019,Buffalo County,NE,1145,1.145,49659,49.659,4.69599796977242,2.3057
55037,Florence County,WI,99,0.099,4295,4.295,3.63296316816726,2.3050
27027,Clay County,MN,1480,1.48,64222,64.222,4.80768382622953,2.3045
31155,Saunders County,NE,497,0.497,21578,21.578,4.33401118876135,2.3033
37039,Cherokee County,NC,659,0.659,28612,28.612,4.45654821637239,2.3032
19067,Floyd County,IA,360,0.36,15642,15.642,4.19429228155197,2.3015
18173,Warrick County,IN,1449,1.449,62998,62.998,4.79932676210832,2.3001
13197,Marion County,GA,192,0.192,8359,8.359,3.92215432523106,2.2969
1043,Cullman County,AL,1923,1.923,83768,83.768,4.92307814658323,2.2956
8037,Eagle County,CO,1265,1.265,55127,55.127,4.74136435890596,2.2947
47105,Loudon County,TN,1239,1.239,54068,54.068,4.73294030512161,2.2916
40023,Choctaw County,OK,336,0.336,14672,14.672,4.16648931832595,2.2901
46003,Aurora County,SD,63,0.063,2751,2.751,3.43949059038968,2.2901
40061,Haskell County,OK,289,0.289,12627,12.627,4.10130018046768,2.2887
47187,Williamson County,TN,5455,5.455,238412,238.412,5.37732811097854,2.2881
37037,Chatham County,NC,1703,1.703,74470,74.47,4.87198135384337,2.2868
48383,Reagan County,TX,88,0.088,3849,3.849,3.58534791109459,2.2863
46137,Ziebach County,SD,63,0.063,2756,2.756,3.44027921323559,2.2859
17201,Winnebago County,IL,6455,6.455,282572,282.572,5.45112912549573,2.2844
12103,Pinellas County,FL,22266,22.266,974996,974.996,5.98900283397393,2.2837
19079,Hamilton County,IA,337,0.337,14773,14.773,4.16946869782694,2.2812
13295,Walker County,GA,1591,1.591,69761,69.761,4.84361269743152,2.2806
28003,Alcorn County,MS,842,0.842,36953,36.953,4.56764970201522,2.2786
28019,Choctaw County,MS,187,0.187,8210,8.21,3.91434315711944,2.2777
48013,Atascosa County,TX,1165,1.165,51153,51.153,4.70887110911835,2.2775
13103,Effingham County,GA,1464,1.464,64296,64.296,4.80818395531981,2.2770
46031,Corson County,SD,93,0.093,4086,4.086,3.61129836229643,2.2761
18097,Marion County,IN,21953,21.953,964582,964.582,5.98433915332128,2.2759
55039,Fond du Lac County,WI,2351,2.351,103403,103.403,5.01453313899531,2.2736
48093,Comanche County,TX,310,0.31,13635,13.635,4.13465514227765,2.2736
22115,Vernon Parish,LA,1078,1.078,47429,47.429,4.67604396801978,2.2729
5067,Jackson County,AR,380,0.38,16719,16.719,4.22321029777586,2.2729
51590,Danville City,VA,910,0.91,40044,40.044,4.60253745270242,2.2725
48003,Andrews County,TX,425,0.425,18705,18.705,4.27195771253422,2.2721
40087,McClain County,OK,918,0.918,40474,40.474,4.6071761273489,2.2681
40005,Atoka County,OK,312,0.312,13758,13.758,4.13855530511358,2.2678
13145,Harris County,GA,799,0.799,35236,35.236,4.54698660131418,2.2676
13151,Henry County,GA,5307,5.307,234561,234.561,5.3702558044854,2.2625
48125,Dickens County,TX,50,0.05,2211,2.211,3.34458874257871,2.2614
40135,Sequoyah County,OK,940,0.94,41569,41.569,4.61876957707524,2.2613
48089,Colorado County,TX,486,0.486,21493,21.493,4.33229703868889,2.2612
37111,McDowell County,NC,1034,1.034,45756,45.756,4.6604480513213,2.2598
34029,Ocean County,NJ,13718,13.718,607186,607.186,5.7833217493946,2.2593
40063,Hughes County,OK,300,0.3,13279,13.279,4.12316537090292,2.2592
29029,Camden County,MO,1046,1.046,46305,46.305,4.66562788853778,2.2589
38043,Kidder County,ND,56,0.056,2480,2.48,3.39445168082622,2.2581
17077,Jackson County,IL,1281,1.281,56750,56.75,4.75396586586516,2.2573
48227,Howard County,TX,827,0.827,36664,36.664,4.56423984423673,2.2556
5003,Ashley County,AR,443,0.443,19657,19.657,4.29351723766387,2.2537
53005,Benton County,WA,4606,4.606,204390,204.39,5.31045964365906,2.2535
45007,Anderson County,SC,4561,4.561,202558,202.558,5.30654940025841,2.2517
18089,Lake County,IN,10931,10.931,485493,485.493,5.68618297248648,2.2515
37093,Hoke County,NC,1243,1.243,55234,55.234,4.74220649560506,2.2504
19183,Washington County,IA,494,0.494,21965,21.965,4.34173120760134,2.2490
29077,Greene County,MO,6590,6.59,293086,293.086,5.46699507375075,2.2485
41031,Jefferson County,OR,554,0.554,24658,24.658,4.39195784824559,2.2467
40111,Okmulgee County,OK,864,0.864,38465,38.465,4.58506573677377,2.2462
55043,Grant County,WI,1155,1.155,51439,51.439,4.71129251709534,2.2454
19041,Clay County,IA,359,0.359,16016,16.016,4.20455406013524,2.2415
46051,Grant County,SD,158,0.158,7052,7.052,3.84831230362728,2.2405
40121,Pittsburg County,OK,978,0.978,43654,43.654,4.64002404410887,2.2403
55097,Portage County,WI,1585,1.585,70772,70.772,4.84986146883813,2.2396
17119,Madison County,IL,5888,5.888,262966,262.966,5.41989960032655,2.2391
47055,Giles County,TN,659,0.659,29464,29.464,4.46929170584686,2.2366
51025,Brunswick County,VA,363,0.363,16231,16.231,4.21034527775002,2.2365
16065,Madison County,ID,892,0.892,39907,39.907,4.60104908101839,2.2352
4009,Graham County,AZ,868,0.868,38837,38.837,4.58924567505251,2.2350
5087,Madison County,AR,370,0.37,16576,16.576,4.21947973806514,2.2321
45057,Lancaster County,SC,2185,2.185,98012,98.012,4.99127925135306,2.2293
48439,Tarrant County,TX,46850,46.85,2102515,2102.515,6.32273910287375,2.2283
21211,Shelby County,KY,1092,1.092,49024,49.024,4.69040874361649,2.2275
5021,Clay County,AR,324,0.324,14551,14.551,4.16289284071425,2.2267
18099,Marshall County,IN,1030,1.03,46258,46.258,4.66518685178651,2.2266
48435,Sutton County,TX,84,0.084,3776,3.776,3.57703198562603,2.2246
13221,Oglethorpe County,GA,339,0.339,15259,15.259,4.18352607302172,2.2216
45073,Oconee County,SC,1767,1.767,79546,79.546,4.90061834587318,2.2214
27101,Murray County,MN,182,0.182,8194,8.194,3.91349595961712,2.2211
5027,Columbia County,AR,520,0.52,23457,23.457,4.37027246784953,2.2168
17079,Jasper County,IL,213,0.213,9610,9.61,3.98272338766855,2.2164
38071,Ramsey County,ND,255,0.255,11519,11.519,4.06141477827707,2.2137
48381,Randall County,TX,3045,3.045,137713,137.713,5.13897493925311,2.2111
22043,Grant Parish,LA,495,0.495,22389,22.389,4.35003469634006,2.2109
31107,Knox County,NE,184,0.184,8332,8.332,3.92074926127571,2.2084
20077,Harper County,KS,120,0.12,5436,5.436,3.73527944806046,2.2075
40027,Cleveland County,OK,6266,6.266,284014,284.014,5.45333974840228,2.2062
27053,Hennepin County,MN,27873,27.873,1265843,1265.843,6.10237984433705,2.2019
46102,Oglala Lakota County,SD,312,0.312,14177,14.177,4.1515843393599,2.2007
48329,Midland County,TX,3890,3.89,176832,176.832,5.2475608589004,2.1998
37101,Johnston County,NC,4602,4.602,209339,209.339,5.3208501452377,2.1983
1083,Limestone County,AL,2174,2.174,98915,98.915,4.99526215533088,2.1978
48409,San Patricio County,TX,1466,1.466,66730,66.73,4.82432112485077,2.1969
24005,Baltimore County,MD,18148,18.148,827370,827.37,5.91769976955603,2.1935
17161,Rock Island County,IL,3112,3.112,141879,141.879,5.15191811879051,2.1934
47107,McMinn County,TN,1179,1.179,53794,53.794,4.73073383863655,2.1917
28121,Rankin County,MS,3401,3.401,155271,155.271,5.19109035002318,2.1904
18163,Vanderburgh County,IN,3970,3.97,181451,181.451,5.2587593659964,2.1879
49005,Cache County,UT,2803,2.803,128289,128.289,5.10818941986593,2.1849
48421,Sherman County,TX,66,0.066,3022,3.022,3.48029446000301,2.1840
5109,Pike County,AR,234,0.234,10718,10.718,4.03011375270759,2.1832
46107,Potter County,SD,47,0.047,2153,2.153,3.33304402982349,2.1830
48187,Guadalupe County,TX,3642,3.642,166847,166.847,5.22231840220952,2.1828
45083,Spartanburg County,SC,6974,6.974,319785,319.785,5.50485808864721,2.1808
46103,Pennington County,SD,2479,2.479,113775,113.775,5.05604684417843,2.1789
20171,Scott County,KS,105,0.105,4823,4.823,3.68331726192188,2.1771
11001,Washington,DC,15358,15.358,705749,705.749,5.84865027145262,2.1761
20165,Rush County,KS,66,0.066,3036,3.036,3.48230176722344,2.1739
46033,Custer County,SD,195,0.195,8972,8.972,3.95288926491093,2.1734
55078,Menominee County,WI,99,0.099,4556,4.556,3.65858371540706,2.1730
17007,Boone County,IL,1160,1.16,53544,53.544,4.72871081199544,2.1664
37117,Martin County,NC,486,0.486,22440,22.44,4.35102285258412,2.1658
17199,Williamson County,IL,1442,1.442,66597,66.597,4.82345466591518,2.1653
29167,Polk County,MO,696,0.696,32149,32.149,4.50716746866813,2.1649
29051,Cole County,MO,1660,1.66,76745,76.745,4.88505009042747,2.1630
40113,Osage County,OK,1015,1.015,46963,46.963,4.67175583189013,2.1613
1089,Madison County,AL,8056,8.056,372909,372.909,5.57160286500027,2.1603
24031,Montgomery County,MD,22679,22.679,1050688,1050.688,6.0214737721704,2.1585
51800,Suffolk City,VA,1984,1.984,92108,92.108,4.96429735229206,2.1540
47089,Jefferson County,TN,1171,1.171,54495,54.495,4.7363566569184,2.1488
51149,Prince George County,VA,824,0.824,38353,38.353,4.58379934044897,2.1485
9001,Fairfield County,CT,20264,20.264,943332,943.332,5.9746645669604,2.1481
51089,Henry County,VA,1081,1.081,50557,50.557,4.7037812954543,2.1382
37005,Alleghany County,NC,238,0.238,11137,11.137,4.04676821966084,2.1370
13241,Rabun County,GA,366,0.366,17137,17.137,4.23393479673068,2.1357
48247,Jim Hogg County,TX,111,0.111,5200,5.2,3.7160033436348,2.1346
19057,Des Moines County,IA,831,0.831,38967,38.967,4.59069697152023,2.1326
36105,Sullivan County,NY,1607,1.607,75432,75.432,4.87755562272919,2.1304
37083,Halifax County,NC,1065,1.065,50010,50.01,4.69905685454767,2.1296
19135,Monroe County,IA,164,0.164,7707,7.707,3.88688535898601,2.1279
45087,Union County,SC,581,0.581,27316,27.316,4.43641710404637,2.1270
47019,Carter County,TN,1199,1.199,56391,56.391,4.75120979614237,2.1262
47029,Cocke County,TN,765,0.765,36004,36.004,4.55635075302909,2.1248
17005,Bond County,IL,349,0.349,16426,16.426,4.2155318184913,2.1247
30111,Yellowstone County,MT,3424,3.424,161300,161.3,5.20763436738896,2.1228
47005,Benton County,TN,343,0.343,16160,16.16,4.20844135643857,2.1225
20069,Gray County,KS,127,0.127,5988,5.988,3.77728179167101,2.1209
46109,Roberts County,SD,220,0.22,10394,10.394,4.01678271248684,2.1166
48161,Freestone County,TX,417,0.417,19717,19.717,4.29484083643889,2.1149
40013,Bryan County,OK,1015,1.015,47995,47.995,4.68119599601069,2.1148
37137,Pamlico County,NC,269,0.269,12726,12.726,4.10469191890021,2.1138
46125,Turner County,SD,177,0.177,8384,8.384,3.92345126963965,2.1112
46023,Charles Mix County,SD,196,0.196,9292,9.292,3.9681092011282,2.1093
19089,Howard County,IA,193,0.193,9158,9.158,3.96180063919168,2.1074
40131,Rogers County,OK,1948,1.948,92459,92.459,4.96594919197,2.1069
13091,Dodge County,GA,434,0.434,20605,20.605,4.31397261886061,2.1063
6021,Glenn County,CA,598,0.598,28393,28.393,4.45321128243822,2.1062
55133,Waukesha County,WI,8512,8.512,404198,404.198,5.6065941602651,2.1059
21111,Jefferson County,KY,16143,16.143,766757,766.757,5.8846577495029,2.1054
47015,Cannon County,TN,309,0.309,14678,14.678,4.16666688336361,2.1052
13213,Murray County,GA,844,0.844,40096,40.096,4.60310104931406,2.1049
17051,Fayette County,IL,449,0.449,21336,21.336,4.32911300268182,2.1044
21141,Logan County,KY,570,0.57,27102,27.102,4.43300134094504,2.1032
17011,Bureau County,IL,685,0.685,32628,32.628,4.51359045363512,2.0994
37075,Graham County,NC,177,0.177,8441,8.441,3.92639390026968,2.0969
39049,Franklin County,OH,27600,27.6,1316756,1316.756,6.11950530596322,2.0961
29131,Miller County,MO,537,0.537,25619,25.619,4.40856217369291,2.0961
37013,Beaufort County,NC,985,0.985,46994,46.994,4.67204241254782,2.0960
28131,Stone County,MS,384,0.384,18336,18.336,4.2633046002873,2.0942
27081,Lincoln County,MN,118,0.118,5639,5.639,3.75120209458835,2.0926
27173,Yellow Medicine County,MN,203,0.203,9709,9.709,3.98717450108754,2.0908
37011,Avery County,NC,367,0.367,17557,17.557,4.24445030913543,2.0903
29135,Moniteau County,MO,337,0.337,16132,16.132,4.20768821333558,2.0890
48021,Bastrop County,TX,1853,1.853,88723,88.723,4.94803621823373,2.0885
16011,Bingham County,ID,977,0.977,46811,46.811,4.67034791884253,2.0871
38099,Walsh County,ND,222,0.222,10641,10.641,4.02698244319161,2.0863
6069,San Benito County,CA,1310,1.31,62808,62.808,4.79801496435149,2.0857
27153,Todd County,MN,514,0.514,24664,24.664,4.39206351171845,2.0840
55131,Washington County,WI,2833,2.833,136034,136.034,5.13364746842125,2.0826
37027,Caldwell County,NC,1710,1.71,82178,82.178,4.91475556744991,2.0808
29229,Wright County,MO,380,0.38,18289,18.289,4.26218995991301,2.0778
17197,Will County,IL,14331,14.331,690743,690.743,5.83931649246401,2.0747
48101,Cottle County,TX,29,0.029,1398,1.398,3.14550717140966,2.0744
5095,Monroe County,AR,139,0.139,6701,6.701,3.82613961793591,2.0743
18027,Daviess County,IN,691,0.691,33351,33.351,4.52310886038063,2.0719
51077,Grayson County,VA,322,0.322,15550,15.55,4.19173039336286,2.0707
48143,Erath County,TX,884,0.884,42698,42.698,4.63040753288671,2.0704
47093,Knox County,TN,9737,9.737,470313,470.313,5.67238698331813,2.0703
16051,Jefferson County,ID,618,0.618,29871,29.871,4.47524976184793,2.0689
5009,Boone County,AR,774,0.774,37432,37.432,4.57324303218412,2.0677
6083,Santa Barbara County,CA,9223,9.223,446499,446.499,5.64982049055946,2.0656
36061,New York County,NY,33626,33.626,1628706,1628.706,6.21184269627839,2.0646
19085,Harrison County,IA,290,0.29,14049,14.049,4.14764541250174,2.0642
38057,Mercer County,ND,169,0.169,8187,8.187,3.91312479038956,2.0642
40051,Grady County,OK,1151,1.151,55834,55.834,4.746898742228,2.0615
46093,Meade County,SD,584,0.584,28332,28.332,4.45227723312635,2.0613
12069,Lake County,FL,7567,7.567,367118,367.118,5.56480567872635,2.0612
55077,Marquette County,WI,321,0.321,15574,15.574,4.19240017036013,2.0611
37179,Union County,NC,4943,4.943,239859,239.859,5.37995601872439,2.0608
31073,Gosper County,NE,41,0.041,1990,1.99,3.29885307640971,2.0603
5045,Faulkner County,AR,2596,2.596,126007,126.007,5.1003946719186,2.0602
31109,Lancaster County,NE,6573,6.573,319090,319.09,5.50391319399962,2.0599
35025,Lea County,NM,1464,1.464,71070,71.07,4.85168631544243,2.0599
13247,Rockdale County,GA,1872,1.872,90896,90.896,4.95854477193318,2.0595
12055,Highlands County,FL,2186,2.186,106221,106.221,5.02621038569579,2.0580
38031,Foster County,ND,66,0.066,3210,3.21,3.50650503240487,2.0561
16047,Gooding County,ID,312,0.312,15179,15.179,4.18124316096741,2.0555
27033,Cottonwood County,MN,230,0.23,11196,11.196,4.04906288979412,2.0543
17035,Cumberland County,IL,221,0.221,10766,10.766,4.03205437547967,2.0528
51121,Montgomery County,VA,2022,2.022,98535,98.535,4.99359052092344,2.0521
19017,Bremer County,IA,514,0.514,25062,25.062,4.39901572564876,2.0509
27023,Chippewa County,MN,242,0.242,11800,11.8,4.07188200730613,2.0508
29079,Grundy County,MO,202,0.202,9850,9.85,3.99343623049761,2.0508
48445,Terry County,TX,253,0.253,12337,12.337,4.09120956473413,2.0507
42101,Philadelphia County,PA,32483,32.483,1584064,1584.064,6.19977272415079,2.0506
45021,Cherokee County,SC,1175,1.175,57300,57.3,4.75815462196739,2.0506
19091,Humboldt County,IA,196,0.196,9558,9.558,3.98036702618478,2.0506
48331,Milam County,TX,509,0.509,24823,24.823,4.39485426728004,2.0505
46007,Bennett County,SD,69,0.069,3365,3.365,3.52698506856,2.0505
12061,Indian River County,FL,3279,3.279,159923,159.923,5.20391092812873,2.0504
27123,Ramsey County,MN,11278,11.278,550321,550.321,5.74061608560801,2.0493
12109,St. Johns County,FL,5423,5.423,264672,264.672,5.42270799914534,2.0490
19025,Calhoun County,IA,198,0.198,9668,9.668,3.98533664173561,2.0480
5055,Greene County,AR,928,0.928,45325,45.325,4.65633781276755,2.0474
31153,Sarpy County,NE,3832,3.832,187196,187.196,5.27229656450632,2.0471
21067,Fayette County,KY,6612,6.612,323152,323.152,5.50940684813205,2.0461
47021,Cheatham County,TN,832,0.832,40667,40.667,4.60924213573133,2.0459
18181,White County,IN,493,0.493,24102,24.102,4.38205308211532,2.0455
13191,McIntosh County,GA,294,0.294,14378,14.378,4.15769847927552,2.0448
42045,Delaware County,PA,11578,11.578,566747,566.747,5.75338922992446,2.0429
48307,McCulloch County,TX,163,0.163,7984,7.984,3.90222052827931,2.0416
37035,Catawba County,NC,3255,3.255,159551,159.551,5.20289953051712,2.0401
32031,Washoe County,NV,9617,9.617,471519,471.519,5.67349919745278,2.0396
47035,Cumberland County,TN,1234,1.234,60520,60.52,4.78189891935115,2.0390
27131,Rice County,MN,1364,1.364,66972,66.972,4.82589326856429,2.0367
26163,Wayne County,MI,35588,35.588,1749343,1749.343,6.24287497151554,2.0344
51760,Richmond City,VA,4683,4.683,230436,230.436,5.36255032796308,2.0322
19015,Boone County,IA,533,0.533,26234,26.234,4.41886451420773,2.0317
29105,Laclede County,MO,725,0.725,35723,35.723,4.55294792358539,2.0295
48157,Fort Bend County,TX,16472,16.472,811688,811.688,5.90938912540248,2.0294
51093,Isle of Wight County,VA,753,0.753,37109,37.109,4.5694792512948,2.0292
18053,Grant County,IN,1334,1.334,65769,65.769,4.81802123857837,2.0283
55065,Lafayette County,WI,338,0.338,16665,16.665,4.22180531799655,2.0282
38081,Sargent County,ND,79,0.079,3898,3.898,3.5908418347816,2.0267
24047,Worcester County,MD,1059,1.059,52276,52.276,4.7183023492913,2.0258
37151,Randolph County,NC,2908,2.908,143667,143.667,5.15735702308371,2.0241
48175,Goliad County,TX,155,0.155,7658,7.658,3.88411536201167,2.0240
46087,McCook County,SD,113,0.113,5586,5.586,3.74710093136499,2.0229
46039,Deuel County,SD,88,0.088,4351,4.351,3.63858908329272,2.0225
18023,Clinton County,IN,655,0.655,32399,32.399,4.51053160584908,2.0217
21083,Graves County,KY,753,0.753,37266,37.266,4.57131277962919,2.0206
17137,Morgan County,IL,680,0.68,33658,33.658,4.52708830609109,2.0203
13255,Spalding County,GA,1347,1.347,66703,66.703,4.82414536696222,2.0194
51710,Norfolk City,VA,4891,4.891,242742,242.742,5.3851449258587,2.0149
48129,Donley County,TX,66,0.066,3278,3.278,3.51560894923448,2.0134
17133,Monroe County,IL,697,0.697,34637,34.637,4.53954026960781,2.0123
20163,Rooks County,KS,99,0.099,4920,4.92,3.69196510276736,2.0122
21171,Monroe County,KY,214,0.214,10650,10.65,4.02734960777476,2.0094
17187,Warren County,IL,338,0.338,16844,16.844,4.22644523274823,2.0066
13153,Houston County,GA,3166,3.166,157863,157.863,5.19828035180183,2.0055
5091,Miller County,AR,867,0.867,43257,43.257,4.63605639654958,2.0043