time,latitude,longitude,depth,mag,magType
2019-12-23T23:42:20.570Z,44.5855,-110.6041667,4.26,2.72,ml
2019-12-15T12:32:52.150Z,44.3985,-111.1401667,16.98,3.46,ml
2019-12-15T02:09:29.610Z,44.5881667,-110.6015,3.95,3.44,ml
2019-11-24T07:55:28.190Z,44.8416667,-110.6868333,5.82,2.8,ml
2019-10-27T19:13:29.370Z,44.7645,-110.8005,6.14,2.51,ml
2019-10-26T15:57:39.380Z,44.763,-110.7961667,4.77,2.59,ml
2019-10-16T17:08:30.740Z,44.7938333,-110.4901667,8.29,2.93,ml
2019-10-10T23:38:57.410Z,44.3196667,-110.8341667,5.02,2.54,ml
2019-08-29T22:24:12.580Z,44.3296667,-110.5333333,2.04,2.71,ml
2019-08-29T21:33:01.630Z,44.3323333,-110.5255,1.44,2.61,ml
2019-08-15T19:46:39.640Z,44.1276667,-110.3788333,7.39,3.51,ml
2019-07-23T06:40:29.440Z,44.5768333,-110.7571667,7.94,2.89,ml
2019-04-29T05:18:28.740Z,44.2948333,-110.6116667,2.99,2.59,ml
2019-03-13T13:13:30.320Z,44.5675,-110.7358333,7.86,2.83,ml
2019-03-04T17:16:43.810Z,44.6931667,-110.0821667,6.01,3.32,ml
2019-02-16T21:22:50.830Z,44.465,-111.0071667,8.19,3.09,ml
2019-01-23T10:05:57.520Z,44.2986667,-110.6803333,9.42,2.98,ml
2019-01-06T05:39:45.730Z,44.792,-110.2375,6.45,2.75,md
2019-01-06T05:39:31.650Z,44.7566667,-110.2405,6.87,2.6,md
2019-01-06T05:39:06.730Z,44.741,-110.25,2.08,2.58,md
2019-01-06T05:38:42.460Z,44.7526667,-110.2343333,8.79,2.78,ml
2018-12-31T10:21:22.880Z,44.5685,-110.4931667,2.52,2.75,ml
2018-12-31T10:21:08.830Z,44.573,-110.4863333,4.89,2.6,md
2018-12-31T07:25:45.310Z,44.5718333,-110.5008333,4.79,2.7,ml
2018-10-21T21:07:06.940Z,44.3471667,-110.305,10.06,2.7,ml
2018-10-13T13:52:54.800Z,44.7476667,-111.0383333,6.82,2.62,ml
2018-10-04T08:47:10.890Z,44.7535,-110.9843333,9.78,2.69,ml
2018-09-11T13:30:53.520Z,44.8608333,-110.4288333,10.65,2.85,ml
2018-08-07T10:19:57.430Z,44.6833333,-110.0418333,14.72,2.51,md
2018-07-05T01:09:30.890Z,44.3715,-110.4275,11.11,2.5,ml
2018-05-25T08:04:21.770Z,44.7615,-111.1271667,9.89,2.59,ml
2018-05-06T14:54:02.890Z,44.7516667,-110.9641667,10.75,3.05,ml
2018-04-07T09:40:44.050Z,44.7583333,-111.1176667,10.18,2.68,ml
2018-04-05T13:22:31.020Z,44.7585,-111.1235,11.27,2.52,ml
2018-02-25T15:10:21.400Z,44.7535,-110.9953333,6.3,3.04,ml
2018-02-23T05:24:50.740Z,44.749,-110.9938333,9.48,2.73,ml
2018-02-22T22:26:42.570Z,44.7481667,-110.9931667,9.3,2.62,ml
2018-02-22T21:17:22.890Z,44.7505,-110.9951667,10.22,2.65,ml
2018-02-22T08:49:07.830Z,44.7508333,-110.9935,10.03,2.61,ml
2018-02-21T00:38:16.530Z,44.734,-111.0111667,9.08,2.68,ml
2018-02-20T18:45:15.600Z,44.735,-111.008,8.46,2.54,ml
2018-02-19T02:12:59.160Z,44.7401667,-110.9985,7.71,2.52,ml
2018-02-18T17:43:06.530Z,44.7426667,-110.9826667,7.76,2.82,ml
2018-02-18T17:34:17.760Z,44.7501667,-110.9815,10.15,2.76,ml
2018-02-18T15:46:31.780Z,44.7401667,-110.9931667,6.42,2.51,ml
2018-02-18T15:29:16.260Z,44.7446667,-110.9973333,9.83,3.12,ml
2018-02-18T15:23:53.880Z,44.744,-110.9933333,9.92,2.66,ml
2018-02-18T15:17:17.100Z,44.7446667,-110.9926667,10.31,2.93,ml
2018-02-18T14:17:07.210Z,44.7415,-110.9895,10.12,2.7,ml
2018-02-18T13:49:55.090Z,44.7455,-110.9848333,9.85,2.91,ml
2018-02-18T09:16:46.780Z,44.7383333,-110.9853333,7.18,2.6,ml
2018-02-18T06:10:15.300Z,44.7381667,-110.9878333,6,2.69,ml
2018-02-18T05:55:30.780Z,44.7315,-110.9783333,6.28,2.6,ml
2018-02-18T05:53:02.480Z,44.7443333,-110.9946667,9.97,2.89,md
2018-02-18T05:37:46.530Z,44.746,-110.9903333,9.89,3.11,md
2018-02-18T05:32:53.480Z,44.7343333,-110.9841667,6.56,2.54,ml
2018-02-18T05:30:59.010Z,44.7406667,-110.9856667,7.05,2.57,ml
2018-02-18T04:47:55.510Z,44.7403333,-110.9815,5.87,2.6,ml
2018-02-18T04:28:28.670Z,44.7426667,-110.9865,9.15,2.73,ml
2018-02-17T17:48:40.010Z,44.7433333,-111.0001667,9.05,2.66,ml
2018-02-15T18:41:06.020Z,44.7378333,-111.007,8.44,2.58,ml
2017-09-26T06:31:10.180Z,44.8206667,-110.6513333,6.96,2.87,ml
2017-09-17T05:38:44.050Z,44.3023333,-110.8416667,7.53,3.15,ml
2017-08-27T20:34:42.050Z,44.7856667,-111.0145,12.95,2.8,ml
2017-08-27T19:47:53.560Z,44.7896667,-111.0108333,11.24,2.83,ml
2017-08-22T05:44:16.540Z,44.3288333,-110.3251667,7.72,2.52,ml
2017-08-21T03:00:48.960Z,44.8103333,-111.0883333,9.42,3.27,ml
2017-08-20T19:23:27.800Z,44.808,-111.0851667,9.83,2.61,ml
2017-08-15T02:03:00.360Z,44.788,-111.048,8.63,3.02,ml
2017-08-14T14:04:56.690Z,44.5766667,-110.7643333,5.97,2.69,ml
2017-08-10T14:41:33.190Z,44.7851667,-111.05,9,2.99,ml
2017-08-07T14:08:09.740Z,44.7938333,-111.0511667,7.85,2.64,ml
2017-08-06T21:51:09.260Z,44.7931667,-111.0546667,7.8,2.53,ml
2017-08-05T18:04:36.510Z,44.7938333,-111.0538333,8.06,2.78,ml
2017-08-05T17:36:00.670Z,44.7881667,-111.0188333,10.49,2.69,ml
2017-08-05T16:57:50.920Z,44.7925,-111.0715,8.46,2.69,ml
2017-08-05T15:55:07.330Z,44.7855,-111.0125,10.49,2.59,ml
2017-08-05T14:59:57.480Z,44.797,-111.0091667,13.07,2.78,ml
2017-08-05T11:53:34.620Z,44.796,-111.0728333,8.27,2.61,ml
2017-08-05T11:17:11.840Z,44.7973333,-111.0706667,8.48,3.26,ml
2017-08-03T18:38:52.330Z,44.8016667,-111.071,8.14,2.75,ml
2017-08-03T09:57:08.410Z,44.7883333,-111.0283333,10.85,2.9,ml
2017-08-03T03:15:54.720Z,44.7915,-111.022,10.84,2.64,ml
2017-08-03T03:02:07.820Z,44.7895,-111.0181667,10.87,2.55,ml
2017-08-03T00:18:17.330Z,44.8043333,-111.0661667,7.78,2.84,ml
2017-08-01T15:15:43.660Z,44.8033333,-111.0736667,7.51,2.8,ml
2017-08-01T13:16:12.730Z,44.8021667,-111.0778333,7.35,3.12,ml
2017-07-26T04:58:08.240Z,44.2385,-110.7891667,3.44,2.56,ml
2017-07-26T04:57:10.040Z,44.2373333,-110.7853333,2.97,2.65,ml
2017-07-18T20:52:45.190Z,44.7935,-111.035,9.93,2.88,ml
2017-07-18T20:51:34.520Z,44.7791667,-111.0226667,7.74,2.56,ml
2017-07-18T20:40:24.960Z,44.7915,-111.04,10.22,2.83,ml
2017-07-18T20:31:10.470Z,44.7875,-111.0378333,10.51,3.61,ml
2017-07-17T14:05:06.930Z,44.7561667,-111.0048333,5.32,2.5,md
2017-07-16T17:28:51.930Z,44.7611667,-111.0118333,7,2.76,ml
2017-07-16T17:21:06.600Z,44.7628333,-111.0103333,7.85,3.35,ml
2017-07-16T16:30:38.100Z,44.7628333,-111.0121667,7.75,2.93,ml
2017-07-12T02:44:31.690Z,44.7888333,-111.0275,9.52,2.53,ml
2017-07-09T06:57:28.800Z,44.8015,-111.0065,7.56,2.53,ml
2017-07-09T03:04:35.840Z,44.7863333,-111.0061667,5.18,2.77,ml
2017-07-08T21:30:02.810Z,44.7968333,-111.0008333,7.3,2.75,ml
2017-07-06T03:33:55.910Z,44.7815,-111.0245,8.38,2.51,ml
2017-06-26T22:35:10.950Z,44.8036667,-111.0208333,7.38,2.71,ml
2017-06-24T14:36:31.900Z,44.7865,-111.0186667,10.22,2.56,ml
2017-06-24T07:03:25.370Z,44.7816667,-111.0208333,9.55,2.56,ml
2017-06-21T22:16:27.530Z,44.7868333,-111.043,9.32,2.92,ml
2017-06-21T17:31:16.510Z,44.7826667,-111.0155,9.62,2.69,ml
2017-06-19T03:12:10.930Z,44.7856667,-111.0246667,10.49,2.97,ml
2017-06-18T11:23:44.510Z,44.7968333,-111.0391667,11.32,2.63,ml
2017-06-18T07:21:19.230Z,44.8081667,-111.0153333,7.42,2.71,ml
2017-06-18T01:28:32.010Z,44.7911667,-111.0371667,9.81,2.83,ml
2017-06-17T00:40:36.290Z,44.7888333,-111.0258333,9.81,2.53,ml
2017-06-16T22:48:07.280Z,44.7853333,-111.0373333,8.94,3.01,ml
2017-06-16T13:17:41.880Z,44.7881667,-111.0205,10.23,2.56,ml
2017-06-16T12:40:40.940Z,44.768,-111.0201667,7.11,2.72,ml
2017-06-16T08:02:02.070Z,44.7936667,-111.0438333,9.66,2.78,ml
2017-06-16T01:46:27.450Z,44.7871667,-111.0365,9.79,2.94,ml
2017-06-16T01:03:15.140Z,44.7758333,-111.0386667,9.46,3.09,ml
2017-06-16T01:02:52.820Z,44.7803333,-111.0331667,9.31,2.74,ml
2017-06-16T00:55:18.410Z,44.7846667,-111.0353333,9.3,2.73,ml
2017-06-16T00:48:46.940Z,44.7813333,-111.0331667,9.3,4.36,ml
2017-06-14T06:15:07.060Z,44.7785,-111.0226667,9.2,2.58,ml
2017-06-14T03:00:29.760Z,44.7858333,-111.0275,9.6,2.92,ml
2017-06-13T11:28:39.510Z,44.791,-111.0331667,10.54,2.71,ml
2017-06-13T07:26:50.300Z,44.7858333,-111.034,10.19,2.72,ml
2017-06-12T22:54:55.650Z,44.7825,-111.0386667,10.56,3.22,ml
2017-06-12T18:24:00.810Z,44.7741667,-111.0245,8.09,2.89,ml
2017-06-12T16:48:09.860Z,44.7801667,-111.0256667,9,2.71,ml
2017-06-12T16:46:47.050Z,44.7848333,-111.024,11.09,3.13,ml
2017-06-12T16:46:37.130Z,44.7866667,-111.0303333,10.83,2.86,ml
2017-06-02T02:29:32.680Z,44.7876667,-110.7748333,4.28,2.56,ml
2017-05-07T13:03:46.270Z,44.7648333,-111.0025,7.72,2.91,ml
2017-05-06T05:58:39.010Z,44.7603333,-111.004,8.74,2.62,ml
2017-03-30T03:05:28.490Z,44.664,-109.9693333,13.36,2.85,ml
2017-03-05T17:44:45.840Z,44.7978333,-110.8881667,6.28,2.55,ml
2017-03-02T02:44:02.180Z,44.798,-110.8843333,5.5,2.6,ml
2017-01-23T20:53:53.850Z,44.6176667,-110.3795,4.35,2.91,ml
2017-01-20T16:37:32.000Z,44.8011667,-110.9933333,7.94,3.32,ml
2017-01-07T09:57:20.520Z,44.2331667,-110.7696667,4.14,3.35,ml
2016-11-26T14:53:50.110Z,44.652,-110.4311667,3.68,2.89,ml
2016-11-25T05:47:51.300Z,44.3493333,-110.654,3.33,2.89,ml
2016-11-25T05:10:52.150Z,44.3558333,-110.6623333,3.9,2.55,ml
2016-11-25T02:49:28.360Z,44.355,-110.6595,4.16,2.55,ml
2016-11-21T08:13:59.710Z,44.8036667,-110.487,2.51,2.58,ml
2016-11-15T23:48:19.730Z,44.3315,-110.8518333,11.2,2.51,ml
2016-09-27T17:19:50.240Z,44.1143333,-110.3873333,7.28,2.52,ml
2016-09-25T17:50:15.450Z,44.7505,-111.134,11.15,2.58,ml
2016-09-25T16:46:34.570Z,44.7488333,-111.131,11,2.79,ml
2016-09-20T14:59:32.020Z,44.614,-111.168,9.03,2.58,ml
2016-06-30T09:41:08.790Z,44.2073333,-110.7768333,0.24,2.94,ml
2016-05-27T20:02:01.900Z,44.7361667,-111.0156667,8.37,2.52,ml
2016-01-31T06:18:12.180Z,44.4778333,-110.4285,4.48,2.53,ml
2015-11-24T23:06:24.570Z,44.7845,-110.4225,2.04,2.76,ml
2015-11-17T12:57:58.270Z,44.6763333,-110.0078333,14.83,2.67,md
2015-06-21T22:40:41.550Z,44.635,-110.7363333,8,2.55,ml
2015-05-18T23:00:51.240Z,44.5855,-110.3756667,4.29,3.04,ml
2014-10-29T21:55:06.190Z,44.2601667,-110.6555,6.83,2.71,ml
2014-09-24T09:41:51.840Z,44.8521667,-110.6863333,6.19,3.22,ml
2014-07-06T15:54:12.400Z,44.5918,-110.721,9.4,2.5,Ml
2014-07-06T15:46:12.400Z,44.584,-110.7188,-0.1,2.5,Ml
2014-06-04T21:22:31.600Z,44.787,-110.7647,9.2,3.4,Ml
2014-06-04T15:20:57.000Z,44.7998,-110.772,6.2,2.5,Ml
2014-06-04T12:16:03.000Z,44.7875,-110.7657,7.7,3.5,Ml
2014-06-03T09:52:52.000Z,44.7828,-110.7592,7.6,3.1,Ml
2014-06-03T09:39:25.200Z,44.7857,-110.7635,9,2.9,Ml
2014-06-03T09:33:27.700Z,44.7963,-110.7657,10.3,3.4,Ml
2014-05-31T22:25:00.600Z,44.7905,-110.7765,4.7,3.5,Ml
2014-05-31T18:39:51.800Z,44.7853,-110.7695,4.5,2.8,Ml
2014-05-31T08:02:13.100Z,44.7867,-110.7652,4.7,2.6,Ml
2014-04-09T02:33:59.680Z,44.6503333,-110.4356667,5.18,2.67,ml
2014-04-06T01:19:29.340Z,44.7281667,-110.7735,5.06,2.84,ml
2014-04-03T11:09:26.190Z,44.5263333,-111.1413333,14.38,2.52,ml
2014-04-01T04:32:45.790Z,44.7508333,-110.6558333,3.64,3.13,ml
2014-03-30T17:39:24.440Z,44.764,-110.719,4.46,2.86,ml
2014-03-30T17:37:31.530Z,44.777,-110.7135,5.08,2.69,ml
2014-03-30T15:12:24.330Z,44.7805,-110.7218333,3.48,3.66,ml
2014-03-30T15:07:49.050Z,44.7883333,-110.7051667,5.12,3.36,ml
2014-03-30T14:21:03.830Z,44.7766667,-110.6836667,4.18,2.61,ml
2014-03-30T13:56:41.020Z,44.761,-110.7151667,3.88,2.93,ml
2014-03-30T13:30:52.090Z,44.7696667,-110.688,4.39,3.55,ml
2014-03-30T13:28:15.850Z,44.7958333,-110.665,3.75,2.64,ml
2014-03-30T13:23:56.190Z,44.7621667,-110.688,3.97,2.65,ml
2014-03-30T12:34:39.160Z,44.7721667,-110.6846667,5.62,4.83,mw
2014-03-30T12:18:58.490Z,44.767,-110.6825,3.59,2.5,ml
2014-03-30T10:36:25.970Z,44.7716667,-110.6838333,3.94,3.36,ml
2014-03-30T06:23:48.500Z,44.7871667,-110.676,4.07,2.97,ml
2014-03-26T23:59:00.890Z,44.8006667,-110.7776667,4.52,3.53,ml
2014-03-26T19:14:36.760Z,44.8045,-110.7725,6.37,3,ml
2014-03-01T18:44:40.470Z,44.7363333,-110.777,10.24,2.88,ml
2014-02-18T11:08:36.950Z,44.7228333,-110.638,6.76,2.85,ml
2014-02-15T10:23:53.340Z,44.7741667,-111.0835,8.15,3,ml
2014-02-13T23:37:41.200Z,44.72,-110.6441667,6.07,2.74,ml
2014-02-11T23:03:16.770Z,44.7463333,-110.795,10.77,3.47,ml
2014-02-03T03:01:27.970Z,44.7286667,-110.8031667,7.77,2.68,ml
2014-01-12T01:46:59.170Z,44.8061667,-110.5228333,8.74,3.37,ml
2014-01-06T09:14:12.150Z,44.7576667,-110.7793333,9.5,3.45,ml
2014-01-06T09:00:11.850Z,44.7443333,-110.786,6.46,2.6,ml
2013-11-25T21:10:55.300Z,44.8221667,-111.0273333,10.6,2.99,ml
2013-11-24T07:18:36.150Z,44.813,-111.0168333,9.75,3.13,ml
2013-11-23T23:03:06.950Z,44.8128333,-111.0198333,10.09,2.95,ml
2013-11-23T20:47:35.930Z,44.8143333,-111.0201667,10.6,3.36,ml
2013-11-23T20:38:12.510Z,44.8176667,-111.0203333,11.58,2.74,ml
2013-11-23T20:26:15.410Z,44.8155,-111.017,9.47,2.54,ml
2013-11-23T20:23:48.640Z,44.8143333,-111.0225,10.1,2.94,ml
2013-11-23T20:01:04.020Z,44.817,-111.0143333,9.74,2.5,ml
2013-10-30T05:58:35.620Z,44.6535,-110.428,4.92,2.85,ml
2013-10-05T14:09:23.530Z,44.5681667,-110.847,7.45,2.82,ml
2013-09-24T10:24:24.000Z,44.734,-110.7765,5.29,3.17,ml
2013-09-23T08:32:50.630Z,44.232,-110.7626667,5.14,2.66,ml
2013-09-15T17:07:25.210Z,44.619,-110.7988333,1.56,2.57,ml
2013-09-15T15:53:02.700Z,44.5613,-110.8242,10.5,3.6,Ml
2013-09-15T11:17:30.080Z,44.559,-110.8173333,7.23,2.7,ml
2013-09-15T11:13:15.370Z,44.5593333,-110.8266667,10,2.66,ml
2013-09-15T11:11:00.860Z,44.5856667,-110.8301667,7.4,3.24,ml
2013-09-15T11:10:19.350Z,44.562,-110.8198333,8.37,3.43,ml
2013-09-13T12:58:39.850Z,44.7456667,-110.7788333,8.5,2.85,ml
2013-09-13T12:56:00.720Z,44.7523,-110.7893,4.11,3.7,mwr
2013-09-13T12:56:00.720Z,44.7523333,-110.7893333,4.11,3.48,ml
2013-09-13T12:55:57.950Z,44.7403333,-110.7791667,6.46,2.85,ml
2013-09-13T07:50:58.070Z,44.5633333,-110.8071667,3.91,2.57,md
2013-09-11T05:42:15.290Z,44.7966667,-111.008,10.19,2.69,ml
2013-09-10T12:57:51.150Z,44.3233333,-110.6193333,7.09,3.09,ml
2013-09-10T12:46:12.060Z,44.3228333,-110.6198333,6.95,3.31,ml
2013-09-09T01:34:48.530Z,44.8145,-110.5241667,9.21,2.72,ml
2013-09-01T09:45:36.830Z,44.5861667,-110.379,2.12,2.71,ml
2013-08-03T03:27:51.360Z,44.8305,-110.9436667,9.79,2.87,ml
2013-07-02T12:39:20.130Z,44.7618333,-111.0551667,9.95,2.87,ml
2013-07-01T11:21:02.490Z,44.7546667,-110.9185,10.68,2.65,ml
2013-07-01T10:49:07.980Z,44.7606667,-110.9168333,13.97,3.08,ml
2013-06-30T22:01:18.390Z,44.7628333,-111.071,11.5,2.51,ml
2013-06-30T15:17:44.950Z,44.7565,-110.9128333,13.53,2.71,ml
2013-05-07T20:08:54.320Z,44.5896667,-110.971,8.74,2.5,ml
2013-05-07T13:22:33.700Z,44.5868333,-110.965,8.6,2.99,ml
2013-05-06T01:14:48.790Z,44.5815,-110.9701667,10.06,2.83,ml
2013-05-03T10:43:10.090Z,44.6856667,-110.0441667,4.95,2.86,ml
2013-04-16T09:46:48.420Z,44.32,-110.6751667,4.06,2.94,ml
2013-04-09T09:33:42.320Z,44.661,-110.4606667,0.86,3.05,ml
2013-03-31T17:41:08.670Z,44.8056667,-110.9995,11.26,3.27,ml
2012-12-15T19:25:29.110Z,44.6581667,-109.9395,10.59,2.62,ml
2012-12-13T21:36:32.230Z,44.3431667,-110.6606667,5.41,2.5,ml
2012-10-28T00:51:02.640Z,44.619,-110.6543333,4.44,2.6,md
2012-10-28T00:49:48.640Z,44.601,-110.6408333,3.42,2.67,md
2012-10-20T22:58:15.500Z,44.3708333,-110.6273333,4.7,2.5,ml
2012-10-15T04:02:15.470Z,44.3918333,-111.0478333,8.91,3.1,ml
2012-10-15T03:45:20.560Z,44.396,-111.043,10.17,2.76,ml
2012-10-15T03:22:33.100Z,44.396,-111.072,15.55,2.61,ml
2012-10-15T03:20:45.080Z,44.3905,-111.0393333,11.7,3.12,ml
2012-10-15T03:19:52.080Z,44.391,-111.0411667,3.51,2.62,ml
2012-10-15T03:11:41.610Z,44.3898333,-111.0448333,13.59,2.51,ml
2012-10-15T03:05:44.390Z,44.4036667,-111.0501667,16.9,2.51,md
2012-10-15T02:54:52.400Z,44.3938333,-111.0435,12.42,3.16,ml
2012-10-15T02:52:58.360Z,44.3771667,-111.0085,11.66,2.6,md
2012-10-15T02:52:16.060Z,44.3926667,-111.0288333,12.55,2.52,ml
2012-09-24T13:56:52.670Z,44.7625,-110.7723333,6.99,2.53,ml
2012-09-05T22:52:50.710Z,44.7766667,-110.9323333,8.67,3.51,ml
2012-08-07T05:07:13.790Z,44.753,-111.0948333,10.18,3.19,ml
2012-07-14T23:32:25.980Z,44.75,-111.0978333,9.71,2.57,ml
2012-07-04T15:20:08.110Z,44.6186667,-111.1923333,13.4,2.84,ml
2012-06-18T03:27:40.850Z,44.6615,-110.4118333,5.73,2.69,ml
2012-01-17T08:32:46.310Z,44.7395,-111.0123333,6.88,2.52,ml
2011-12-08T05:40:32.680Z,45.0346667,-110.3811667,16.91,2.52,ml
2011-11-22T18:09:40.270Z,44.4575,-110.9723333,5.39,3.06,ml
2011-05-19T22:21:59.470Z,44.7535,-111.1996667,10.82,2.57,ml
2011-05-08T04:32:19.340Z,44.7985,-110.9821667,10.68,3.13,ml
2010-10-27T04:33:23.650Z,44.611,-110.995,12.16,2.53,ml
2010-06-26T00:07:51.470Z,44.2471667,-110.7716667,4.67,2.84,ml
2010-04-06T03:32:09.050Z,44.5993333,-110.9963333,8.95,2.87,ml
2010-04-05T14:48:00.210Z,44.5983333,-110.9786667,8.36,3.01,ml
2010-04-05T10:38:45.030Z,44.6001667,-110.9876667,9.01,2.82,ml
2010-04-04T03:15:50.920Z,44.5981667,-110.9903333,7.76,3.29,ml
2010-03-30T01:35:55.210Z,44.7901667,-110.3373333,4.56,2.72,ml
2010-02-03T03:25:15.470Z,44.5551667,-110.9423333,7.01,2.55,ml
2010-02-03T02:44:11.440Z,44.5526667,-110.9231667,6.61,2.9,ml
2010-02-03T02:31:45.650Z,44.5555,-110.938,8.37,3.12,ml
2010-02-02T23:10:43.310Z,44.5493333,-110.9373333,9.05,2.5,ml
2010-02-01T17:38:26.080Z,44.5836667,-110.9778333,9.36,2.78,ml
2010-02-01T12:17:51.300Z,44.5828333,-110.9791667,9.13,2.87,ml
2010-02-01T08:10:41.070Z,44.5815,-110.9786667,8.67,2.59,ml
2010-01-31T19:49:33.400Z,44.5843333,-110.6128333,6.54,2.96,ml
2010-01-31T06:55:00.850Z,44.5711667,-110.9566667,11.91,2.86,ml
2010-01-28T18:03:34.820Z,44.5725,-110.9658333,11.39,2.79,ml
2010-01-28T08:46:14.450Z,44.5713333,-110.9645,10.4,3.22,ml
2010-01-27T19:52:15.630Z,44.5713333,-110.9595,11.7,3.03,ml
2010-01-27T18:28:21.670Z,44.5708333,-110.962,11.73,2.89,ml
2010-01-27T01:46:16.910Z,44.5603333,-110.9583333,11.23,2.65,ml
2010-01-27T01:44:21.200Z,44.5548333,-110.955,10.33,2.78,ml
2010-01-27T01:28:41.120Z,44.5648333,-110.961,11.59,3.11,ml
2010-01-27T00:41:42.350Z,44.5601667,-110.962,11.97,2.55,ml
2010-01-25T12:34:09.410Z,44.5621667,-110.9561667,11.86,2.62,ml
2010-01-25T11:32:09.150Z,44.5641667,-110.9536667,11.92,2.87,ml
2010-01-25T11:11:28.740Z,44.5646667,-110.9546667,11.84,2.78,ml
2010-01-25T10:27:35.560Z,44.5648333,-110.9561667,11.85,3.04,ml
2010-01-25T06:21:32.900Z,44.5626667,-110.9578333,12.01,3.04,ml
2010-01-25T06:09:45.130Z,44.566,-110.9586667,11.75,3.19,ml
2010-01-24T17:21:23.680Z,44.5646667,-110.9561667,11.84,2.58,ml
2010-01-24T14:32:20.720Z,44.566,-110.9541667,11.3,2.54,ml
2010-01-24T07:56:41.810Z,44.5653333,-110.9563333,11.84,2.9,ml
2010-01-23T05:41:15.540Z,44.5646667,-110.9636667,10.62,2.99,ml
2010-01-22T14:33:27.390Z,44.5608333,-110.9583333,10.7,2.51,ml
2010-01-22T05:38:39.220Z,44.5483333,-110.9691667,11.11,3.3,ml
2010-01-22T04:09:01.020Z,44.5583333,-110.9655,10.5,2.87,ml
2010-01-21T13:23:30.400Z,44.5768333,-110.9681667,9.49,3,md
2010-01-21T11:07:23.700Z,44.5515,-110.9706667,10.29,2.59,ml
2010-01-21T09:05:06.010Z,44.5626667,-110.9695,11.73,2.76,ml
2010-01-21T06:16:18.350Z,44.5656667,-110.9653333,11.3,3.87,ml
2010-01-21T06:01:49.590Z,44.5631667,-110.9733333,10.74,3.74,ml
2010-01-21T01:19:45.670Z,44.5668333,-110.9701667,11.23,2.64,ml
2010-01-20T21:43:00.120Z,44.5698333,-110.9711667,10.64,2.89,ml
2010-01-20T20:10:20.060Z,44.5593333,-110.9725,10.33,2.57,ml
2010-01-20T20:00:27.410Z,44.5608333,-110.9725,10.92,2.51,ml
2010-01-20T04:42:17.560Z,44.564,-110.9563333,11.22,2.53,ml
2010-01-20T04:41:02.270Z,44.5676667,-110.9603333,10.77,3.42,ml
2010-01-20T04:12:26.990Z,44.5676667,-110.9625,10.73,2.58,ml
2010-01-20T01:35:35.920Z,44.5593333,-110.965,11.25,3.22,ml
2010-01-19T21:32:30.490Z,44.5611667,-110.9695,10.29,3.63,ml
2010-01-19T16:48:30.760Z,44.5668333,-110.9613333,10.37,3.27,ml
2010-01-19T13:26:51.020Z,44.5588333,-110.9598333,11.01,2.56,ml
2010-01-19T10:36:13.610Z,44.5661667,-110.9568333,11.16,2.59,ml
2010-01-19T04:42:13.340Z,44.5668333,-110.9618333,10.79,3.07,ml
2010-01-19T03:39:38.460Z,44.5633333,-110.9668333,11.16,3.38,ml
2010-01-18T23:56:31.230Z,44.5606667,-110.962,10.84,2.76,ml
2010-01-18T19:38:41.230Z,44.5621667,-110.9598333,11.58,2.79,ml
2010-01-18T18:03:13.480Z,44.5583333,-110.9666667,11.46,3.09,ml
2010-01-18T16:00:13.220Z,44.5598333,-110.9665,10.16,2.62,ml
2010-01-18T10:10:40.930Z,44.5538333,-110.9615,11.12,2.54,ml
2010-01-18T02:44:35.710Z,44.553,-110.961,9.97,2.53,ml
2010-01-18T02:38:00.160Z,44.5606667,-110.967,10.02,2.66,ml
2010-01-18T01:04:23.490Z,44.5585,-110.9621667,9.59,2.51,ml
2010-01-18T00:02:55.340Z,44.5548333,-110.9653333,9.97,2.73,ml
2010-01-17T22:43:32.430Z,44.5555,-110.965,10.16,2.52,ml
2010-01-17T21:55:57.700Z,44.5535,-110.9626667,10.33,2.54,ml
2010-01-17T21:04:05.940Z,44.555,-110.9626667,10.05,2.64,ml
2009-11-09T17:49:14.170Z,44.7078333,-110.2795,5.89,3.12,ml
2009-10-15T21:50:07.520Z,44.3196667,-110.5548333,7.88,2.53,ml
2009-10-15T21:39:31.790Z,44.319,-110.5483333,6.41,2.54,ml
2009-07-08T15:08:42.480Z,44.4936667,-110.3588333,4.96,2.73,ml
2009-06-30T15:52:04.850Z,44.7426667,-110.7896667,9.28,3.28,ml
2009-05-25T12:30:09.230Z,44.5748333,-110.8085,7.63,2.57,ml
2009-05-25T10:54:58.600Z,44.5886667,-110.8006667,10.58,2.7,ml
2009-05-25T10:41:41.360Z,44.5753333,-110.8106667,9.49,2.96,ml
2009-05-25T10:36:43.550Z,44.579,-110.8133333,10.38,2.69,ml
2009-05-25T10:28:35.430Z,44.5826667,-110.8225,7.98,2.95,ml
2009-05-25T10:05:07.980Z,44.5901667,-110.8215,9.07,2.7,ml
2009-04-29T01:14:32.260Z,44.5358333,-110.7646667,15.38,2.69,ml
2009-04-29T01:13:21.840Z,44.5958333,-110.675,9.04,2.7,ml
2009-01-27T19:23:22.660Z,44.686,-110.26,5.71,2.81,ml
2009-01-14T03:11:03.890Z,44.5481667,-110.8031667,7.14,2.5,ml
2009-01-09T18:17:30.490Z,44.6773333,-110.2515,6.51,3.3,ml
2009-01-03T00:23:22.150Z,44.555,-110.3703333,4.08,2.53,ml
2009-01-02T20:33:53.030Z,44.5575,-110.3496667,2.04,2.58,ml
2009-01-02T20:15:37.830Z,44.5291667,-110.3696667,4.34,3.07,ml
2009-01-02T20:13:34.570Z,44.5508333,-110.3711667,2.8,2.5,ml
2009-01-02T19:40:52.830Z,44.5518333,-110.377,2.78,3.04,ml
2009-01-02T18:48:20.510Z,44.5515,-110.3631667,2.14,2.75,ml
2009-01-02T18:32:47.800Z,44.548,-110.3553333,7.42,3.46,ml
2009-01-02T01:30:56.020Z,44.5598333,-110.3218333,1.76,2.77,ml
2009-01-02T01:21:18.300Z,44.5546667,-110.3713333,5.72,3,ml
2009-01-02T01:13:04.340Z,44.5618333,-110.374,2.82,3.08,ml
2009-01-01T12:51:23.450Z,44.5536667,-110.364,3.74,3.06,ml
2009-01-01T10:48:35.070Z,44.535,-110.3503333,2.04,2.6,ml
2009-01-01T10:40:12.730Z,44.5331667,-110.3675,3.29,2.88,ml
2009-01-01T10:13:50.700Z,44.5281667,-110.3573333,3.23,2.78,ml
2009-01-01T10:12:59.890Z,44.5293333,-110.3593333,2.15,2.61,ml
2009-01-01T10:06:49.810Z,44.5361667,-110.3613333,2.98,2.89,ml
2009-01-01T10:02:56.470Z,44.5308333,-110.3601667,2.16,2.89,ml
2009-01-01T05:19:49.890Z,44.5323333,-110.3613333,3.57,2.53,ml
2008-12-31T15:02:10.290Z,44.5218333,-110.3603333,6.93,3.2,ml
2008-12-31T11:15:43.700Z,44.524,-110.3738333,4.63,2.66,ml
2008-12-31T09:05:58.870Z,44.5226667,-110.3661667,5.82,2.58,ml
2008-12-31T09:02:27.250Z,44.5276667,-110.3628333,6.15,3.58,ml
2008-12-31T08:59:20.490Z,44.5258333,-110.366,4.17,2.5,ml
2008-12-31T08:58:10.660Z,44.5283333,-110.3733333,4.42,2.98,ml
2008-12-31T05:06:39.080Z,44.5315,-110.3825,4.21,2.82,ml
2008-12-30T19:05:12.290Z,44.5406667,-110.3568333,3.81,2.79,ml
2008-12-30T11:59:06.110Z,44.5358333,-110.3791667,3.71,2.8,ml
2008-12-30T00:36:38.570Z,44.5241667,-110.3675,4.11,2.78,ml
2008-12-29T20:38:23.750Z,44.5168333,-110.3838333,2.94,2.92,ml
2008-12-29T19:29:37.640Z,44.516,-110.3853333,3.96,2.93,ml
2008-12-29T19:28:55.030Z,44.5186667,-110.3836667,4.1,2.54,ml
2008-12-29T19:14:47.710Z,44.5231667,-110.3733333,3.99,3.25,ml
2008-12-29T05:06:29.520Z,44.5166667,-110.3611667,4.47,2.62,ml
2008-12-29T04:25:52.930Z,44.5183333,-110.373,3.53,2.86,ml
2008-12-28T23:57:55.590Z,44.522,-110.3788333,2.68,2.61,ml
2008-12-28T19:55:16.510Z,44.5103333,-110.3513333,4.9,3.04,ml
2008-12-28T19:32:14.500Z,44.5125,-110.3571667,4.97,3.01,ml
2008-12-28T15:37:39.850Z,44.519,-110.3623333,3.38,2.77,ml
2008-12-28T09:23:56.450Z,44.5113333,-110.3586667,4.67,3.23,ml
2008-12-28T09:16:56.300Z,44.5111667,-110.3565,6.14,2.69,ml
2008-12-28T06:37:40.640Z,44.4916667,-110.3661667,3.52,2.51,ml
2008-12-28T05:23:53.030Z,44.4871667,-110.363,3.67,2.75,ml
2008-12-28T05:15:55.060Z,44.504,-110.3661667,4.96,3.86,ml
2008-12-28T04:51:02.300Z,44.5028333,-110.3538333,6.14,2.65,ml
2008-12-28T00:08:49.250Z,44.4966667,-110.3706667,3.39,2.72,ml
2008-12-27T22:30:02.340Z,44.5025,-110.3585,6.1,3.33,ml
2008-12-27T20:43:13.980Z,44.5013333,-110.3725,4.07,2.51,ml
2008-12-27T20:26:26.520Z,44.5083333,-110.3663333,4.46,3.15,ml
2008-12-27T20:17:31.700Z,44.4876667,-110.3576667,6.87,3.41,ml
2008-12-27T18:23:06.160Z,44.4981667,-110.3663333,4.8,2.96,ml
2008-12-27T17:01:06.350Z,44.4903333,-110.3653333,5.4,2.72,ml
2008-12-27T16:30:52.710Z,44.4996667,-110.364,4.85,2.64,ml
2008-12-03T18:35:08.770Z,44.732,-111.156,9.88,2.57,ml
2008-11-23T22:10:27.050Z,44.1043333,-110.5306667,9.33,2.59,ml
2008-11-23T06:41:03.670Z,44.1088333,-110.5328333,10.2,2.7,ml
2008-09-25T18:07:00.630Z,44.2281667,-110.7805,4.19,2.89,ml
2008-09-25T15:38:16.080Z,44.2405,-110.7893333,3.7,2.54,ml
2008-09-25T14:12:12.620Z,44.2373333,-110.7965,3.56,2.61,ml
2008-07-31T13:22:11.760Z,44.5805,-110.927,9.77,2.56,ml
2008-06-30T16:06:38.520Z,44.7871667,-110.2536667,7.27,2.5,ml
2008-06-05T03:02:39.670Z,44.3475,-110.6643333,6.25,2.72,ml
2008-03-25T11:59:36.080Z,44.692,-110.0168333,3.92,4.18,ml
2008-03-12T09:09:35.290Z,44.5653333,-110.8923333,8.93,2.55,ml
2008-03-12T07:28:49.770Z,44.5665,-110.8938333,7.82,2.5,ml
2008-03-11T10:57:21.950Z,44.5628333,-110.8885,8.56,2.55,ml
2008-01-10T01:35:16.210Z,44.7805,-110.9366667,9.54,2.59,ml
2008-01-09T21:37:36.300Z,44.7845,-110.9393333,10.12,3.73,ml
2008-01-09T20:48:42.620Z,44.7795,-110.934,8.9,2.81,ml
2008-01-09T20:25:53.420Z,44.7811667,-110.9311667,9.37,2.84,ml
2008-01-06T06:30:14.630Z,44.3081667,-110.839,6.82,2.67,ml
2007-12-31T03:29:20.120Z,44.7878333,-110.943,10.08,3.6,ml
2007-11-05T05:43:53.260Z,44.3931667,-110.6055,6.27,2.98,ml
2007-08-03T06:25:35.040Z,44.6636667,-110.4573333,5.34,2.75,ml
2007-05-01T09:09:48.930Z,44.233,-110.7685,3.91,2.63,ml
2007-02-28T09:46:01.520Z,44.6506667,-110.2583333,7.22,2.6,ml
2007-02-28T05:44:59.330Z,44.6508333,-110.2568333,1.61,2.86,ml
2007-02-17T03:52:12.630Z,44.7776667,-110.9996667,4.45,2.68,ml
2007-01-30T14:49:21.060Z,44.592,-110.6138333,6.75,2.74,ml
2007-01-23T06:57:02.400Z,44.418,-110.8288333,3.11,2.53,ml
2007-01-23T06:52:18.380Z,44.4105,-110.8351667,4.4,2.77,ml
2007-01-18T22:11:30.390Z,44.6043333,-110.6058333,4.17,2.7,ml
2006-11-05T02:08:09.770Z,44.4826667,-111.0643333,11.92,2.61,ml
2006-09-08T01:09:44.620Z,44.777,-110.3968333,4.57,2.81,ml
2006-08-09T13:34:56.780Z,44.6161667,-110.3816667,3.84,2.74,ml
2006-07-10T23:30:41.900Z,44.5615,-110.779,4.91,2.88,ml
2006-07-10T22:16:50.450Z,44.5618333,-110.783,7.74,2.7,ml
2006-07-07T07:44:22.570Z,44.6285,-109.9873333,14.28,2.59,ml
2006-06-13T08:05:00.180Z,44.5791667,-110.9028333,11.08,2.54,ml
2006-05-18T23:02:17.470Z,44.7903333,-110.9791667,8.92,2.85,ml
2006-05-18T10:16:19.140Z,44.1891667,-110.2528333,7.42,3.82,ml
2006-03-05T13:47:35.440Z,44.646,-111.0671667,13,2.56,ml
2006-02-26T01:08:18.770Z,44.6536667,-110.4303333,5.35,3.05,ml
2005-07-27T06:51:19.150Z,44.063,-110.437,2.28,2.96,ml
2005-06-01T00:32:58.650Z,44.4676667,-110.4241667,5.98,2.63,ml
2005-05-10T05:30:38.870Z,44.7171667,-111.1678333,8.34,2.63,ml
2005-02-21T01:49:21.970Z,44.7733333,-110.8825,6.01,2.86,ml
2004-10-05T10:37:08.000Z,44.7783333,-110.8298333,4.88,2.51,ml
2004-08-19T21:46:54.950Z,44.7985,-110.8093333,5.99,2.53,ml
2004-05-14T00:41:18.140Z,44.801,-111.1233333,10.71,2.99,ml
2004-04-17T07:22:54.910Z,44.752,-110.9488333,9.95,2.68,ml
2004-04-14T09:12:03.230Z,44.7493333,-110.9426667,9.25,2.64,ml
2004-01-17T07:29:45.700Z,44.2341667,-110.7853333,2.66,2.69,ml
2003-12-27T12:15:46.680Z,44.1066667,-110.5566667,7.04,2.63,ml
2003-12-17T02:31:01.400Z,44.7116667,-110.666,7.48,2.6,ml
2003-10-09T01:22:35.630Z,44.6661667,-109.929,11.37,2.54,md
2003-09-29T04:30:24.790Z,44.1005,-110.5671667,4.97,2.61,ml
2003-09-10T10:20:39.260Z,44.0978333,-110.5656667,5.46,3.32,ml
2003-08-21T07:46:52.590Z,44.0946667,-110.5148333,5.82,4.31,ml
2003-08-08T21:25:03.060Z,44.5441667,-110.3895,3.84,2.82,md
2003-08-08T15:25:09.470Z,44.6791667,-109.9941667,4.04,2.93,ml
2003-08-04T05:36:09.160Z,44.6506667,-110.4323333,4.04,2.65,ml
2003-04-16T15:08:26.890Z,44.6798333,-110.9905,5.44,2.54,ml
2003-04-15T16:25:09.100Z,44.678,-110.9901667,5.01,2.5,ml
2003-02-09T05:08:59.790Z,44.6338333,-110.6528333,6.98,3.19,ml
2003-01-31T16:35:24.750Z,44.5223333,-111.0073333,11.66,2.69,ml
2003-01-03T09:02:49.090Z,44.5186667,-111.0113333,10.95,2.62,ml
2002-12-13T19:12:52.820Z,44.7531667,-110.9266667,6.07,2.54,md
2002-12-05T15:13:12.620Z,44.7616667,-110.8796667,8.48,2.62,ml
2002-12-05T14:37:17.820Z,44.7558333,-110.8836667,7.86,2.78,ml
2002-12-05T14:32:23.790Z,44.7531667,-110.8873333,7.48,2.5,ml
2002-11-24T09:06:24.650Z,44.094,-110.509,7.14,2.61,ml
2002-11-23T02:00:58.170Z,44.0958333,-110.5033333,6.59,2.75,ml
2002-11-20T02:14:12.820Z,44.0968333,-110.5055,6.82,3.16,ml
2002-11-11T10:28:28.530Z,44.4581667,-110.608,4.04,2.9,md
2002-11-11T07:55:07.020Z,44.4563333,-110.6035,3.83,2.51,md
2002-11-04T11:05:02.840Z,44.7311667,-111.111,5.33,2.88,md
2002-11-04T04:15:05.810Z,44.5343333,-110.3396667,1.27,2.86,md
2002-11-04T00:47:47.690Z,44.3006667,-110.5518333,11.51,2.68,md
2002-11-03T23:29:57.300Z,44.5473333,-110.3456667,3.48,2.61,md
2002-11-03T23:14:45.480Z,44.4638333,-110.6021667,3.66,2.58,ml
2002-11-03T23:13:16.550Z,44.5443333,-110.342,4.29,2.73,md
2002-11-03T22:59:52.920Z,44.4491667,-110.5781667,2.57,2.65,md
2002-11-03T22:45:04.060Z,44.4535,-110.606,1.71,2.62,md
2002-11-03T22:44:19.900Z,44.397,-110.8145,5.94,2.87,md
2002-10-10T14:07:18.020Z,44.3441667,-110.544,5.82,2.51,ml
2002-10-10T06:46:23.860Z,44.3786667,-110.5513333,4.85,2.96,md
2002-05-26T06:33:55.760Z,44.6095,-110.4475,4.65,2.89,ml
2002-04-29T13:43:27.710Z,44.7605,-111.0855,10.05,2.57,ml
2002-02-08T18:49:44.220Z,44.6636667,-109.9611667,12.4,2.65,md
2002-01-15T18:37:10.140Z,44.5995,-110.7266667,5.34,2.9,ml
2002-01-15T17:12:58.240Z,44.6106667,-110.7216667,8.76,2.73,ml
2001-12-18T16:17:46.630Z,44.813,-111.0628333,9.28,2.73,ml
2001-12-08T19:08:02.190Z,44.8066667,-111.0458333,7.77,3.1,ml
2001-12-04T13:18:32.450Z,44.8151667,-111.0568333,9.26,2.53,ml
2001-12-01T16:16:11.390Z,44.6645,-110.0158333,10.56,2.6,ml
2001-05-18T15:16:15.850Z,44.796,-110.7966667,4.12,2.53,md
2001-01-31T06:44:31.380Z,44.5048333,-110.5345,2.82,2.51,ml
2001-01-31T06:41:51.030Z,44.4923333,-110.5328333,2,2.63,ml
2000-11-24T09:18:30.190Z,44.751,-110.699,5.71,2.75,ml
2000-11-24T07:13:37.100Z,44.7488333,-110.6926667,7.87,3.5,ml
2000-11-24T04:20:04.840Z,44.7523333,-110.6943333,8.59,4.21,ml
2000-08-07T09:07:40.090Z,44.8001667,-110.8075,9.25,2.69,ml
2000-07-29T05:29:08.840Z,44.8013333,-110.7905,7.46,2.7,ml
2000-07-29T05:16:58.940Z,44.7986667,-110.7938333,6.96,2.51,ml
2000-07-28T05:04:02.610Z,44.7985,-110.7908333,6.87,2.6,ml
2000-01-21T14:13:37.690Z,44.7755,-110.6623333,5.09,2.84,ml
1999-12-25T10:10:46.280Z,44.7553333,-110.954,10.89,2.7,ml
1999-10-13T09:58:44.450Z,44.7541667,-110.9425,10.4,3.23,ml
1999-10-07T04:23:31.460Z,44.2266667,-110.7638333,3.02,2.94,ml
1999-09-13T20:53:03.170Z,44.7481667,-111.0943333,12.1,3.11,ml
1999-08-27T09:35:30.170Z,44.4818333,-110.5966667,7.22,3.12,md
1999-08-27T09:32:59.720Z,44.474,-110.5966667,9.77,3.06,ml
1999-08-27T09:21:10.700Z,44.5005,-110.5351667,1.89,3.04,ml
1999-08-27T09:13:55.010Z,44.4796667,-110.5933333,5.5,2.66,md
1999-08-27T09:08:48.090Z,44.475,-110.5981667,5.83,2.99,md
1999-08-27T08:50:03.090Z,44.471,-110.6125,6.12,2.79,ml
1999-08-27T08:42:23.080Z,44.473,-110.5968333,7.37,2.58,md
1999-08-11T11:40:35.320Z,44.7473333,-110.9795,11.31,2.79,ml
1999-08-11T03:40:24.160Z,44.7505,-110.9773333,9.98,2.96,ml
1999-08-10T17:03:29.110Z,44.7418333,-110.991,7.6,2.63,ml
1999-08-08T05:10:14.860Z,44.7493333,-110.9846667,10.47,3.14,ml
1999-07-05T09:44:16.410Z,44.7513333,-110.9825,8.04,2.53,ml
1999-06-21T09:54:54.970Z,44.7485,-111.0145,9.91,2.88,ml
1999-06-20T19:32:16.080Z,44.7506667,-110.9983333,6.71,2.54,ml
1999-06-20T10:19:16.640Z,44.7491667,-111.0125,9.78,2.59,ml
1999-06-17T19:07:30.880Z,44.763,-110.9936667,7.05,2.68,ml
1999-06-16T16:39:47.970Z,44.7566667,-111.0018333,7.24,3.19,ml
1999-06-16T16:38:27.410Z,44.754,-111.0098333,4.38,3.26,ml
1999-06-02T16:48:15.540Z,44.4248333,-110.5808333,1.98,3.48,md
1999-05-23T06:47:03.580Z,44.6951667,-110.7921667,7.27,2.76,ml
1999-01-05T13:46:35.070Z,44.7836667,-110.8218333,9.56,2.76,ml
1999-01-03T01:56:44.230Z,44.7838333,-110.8213333,9.66,2.5,ml
1998-11-26T08:56:01.330Z,44.2895,-110.4858333,7.5,3.01,ml
1998-11-26T08:37:48.300Z,44.3065,-110.4863333,6.31,3.79,ml
1998-11-14T15:36:40.150Z,44.6111667,-111.0968333,11.47,2.55,md
1998-11-06T05:04:00.820Z,44.6756667,-109.9768333,14.73,2.89,md
1998-09-29T17:09:49.310Z,44.4535,-110.3383333,6.51,2.9,ml
1998-09-29T12:59:09.720Z,44.4633333,-110.354,7.02,3.16,ml
1998-07-15T09:03:30.060Z,44.5476667,-111.1106667,10.49,2.83,md
1998-05-28T02:08:00.030Z,44.7685,-110.7883333,7.2,2.69,ml
1998-05-14T01:56:05.390Z,44.7683333,-110.8796667,7.31,3.1,ml
1998-04-09T10:29:30.020Z,44.5956667,-109.9625,14.68,2.64,ml
1998-04-05T18:23:26.470Z,44.2265,-110.7875,5.25,2.77,ml
1998-03-25T12:22:11.520Z,44.7921667,-110.9326667,7.21,2.5,ml
1997-12-15T23:26:28.800Z,44.749,-110.6225,6.93,3.14,md
1997-11-18T21:54:47.500Z,44.6496667,-109.9343333,11.13,2.51,ml
1997-10-22T07:01:35.250Z,44.3865,-110.944,3.65,2.59,md
1997-09-28T05:40:56.530Z,44.516,-110.9395,14.56,3.11,md
1997-09-16T17:07:51.120Z,44.4413333,-111.0471667,9.1,2.9,md
1997-09-01T04:12:45.460Z,44.8061667,-111.005,10.21,2.56,md
1997-09-01T04:08:21.830Z,44.7911667,-111.0076667,11.97,3.12,ml
1997-07-26T04:44:54.680Z,44.698,-110.4268333,1.61,3.05,md
1997-07-18T07:47:05.790Z,44.7493333,-110.7655,9.12,2.61,md
1997-07-02T16:57:16.690Z,44.5586667,-110.9345,10.69,2.78,md
1997-06-28T20:36:04.530Z,44.2283333,-110.7316667,3.04,3.25,ml
1997-06-19T23:45:27.300Z,44.5343333,-111.0001667,9.46,2.59,md
1997-06-16T02:33:05.790Z,44.7338333,-110.7961667,8.52,3.61,ml
1997-06-15T05:03:54.310Z,44.7425,-110.7986667,8.03,2.85,ml
1997-06-15T03:24:11.010Z,44.7471667,-110.7898333,10.37,2.78,ml
1997-06-15T02:50:23.230Z,44.7338333,-110.7953333,10.19,3.48,ml
1997-06-15T01:48:49.530Z,44.7355,-110.7918333,6.53,2.66,ml
1997-06-11T01:41:12.660Z,44.7101667,-110.7923333,8.97,2.63,md
1997-06-11T01:35:15.120Z,44.7363333,-110.7996667,5.84,3,ml
1997-04-27T08:34:33.090Z,44.3258333,-110.4908333,9.21,2.82,md
1997-04-27T08:32:54.010Z,44.3775,-110.556,1.67,2.81,md
1997-04-08T00:05:21.540Z,44.5733333,-110.9015,10.71,2.61,md
1997-03-04T09:06:42.630Z,44.7963333,-110.912,9.26,2.72,md
1997-03-04T07:21:08.580Z,44.7956667,-110.9006667,9.49,2.91,md
1997-03-04T02:01:33.430Z,44.7998333,-110.9066667,10.64,2.91,md
1996-12-25T04:24:33.330Z,44.5945,-111.179,8.32,2.7,md
1996-12-13T14:28:15.900Z,44.5345,-110.893,2.59,2.77,md
1996-11-26T12:29:40.530Z,44.2851667,-110.2825,14.91,2.84,md
1996-11-26T12:11:31.980Z,44.3705,-110.5633333,2.3,2.6,md
1996-10-31T01:12:26.940Z,44.4181667,-111.0471667,5.15,2.61,md
1996-10-23T06:57:11.600Z,44.7431667,-111.2113333,12.51,2.83,md
1996-10-16T11:48:27.900Z,44.7318333,-110.7775,7.23,2.82,md
1996-10-11T17:46:35.640Z,44.7295,-110.7795,8.85,2.52,md
1996-09-16T02:07:53.630Z,44.5921667,-110.6805,4.9,2.63,md
1996-09-14T14:45:30.230Z,44.4546667,-111.0815,9.86,3.35,md
1996-08-30T09:16:25.150Z,44.4538333,-110.5556667,1.75,2.65,md
1996-08-01T00:08:20.110Z,44.6515,-110.4236667,6.54,2.73,md
1996-07-17T16:31:52.100Z,44.5685,-110.9321667,-0.39,2.77,md
1996-07-16T05:09:01.500Z,44.5606667,-110.9391667,6.65,2.8,ml
1996-07-16T05:06:26.990Z,44.571,-110.9321667,3.95,2.92,md
1996-07-16T04:10:49.790Z,44.5638333,-110.9478333,6.71,3.25,ml
1996-07-16T00:20:25.240Z,44.5598333,-110.9393333,6.52,2.51,md
1996-07-05T20:27:21.150Z,44.5678333,-110.9601667,1.1,2.7,md
1996-06-30T10:01:22.970Z,44.549,-110.9383333,6.4,2.78,md
1996-04-02T15:17:45.660Z,44.4276667,-110.6085,2.77,3.34,md
1996-01-17T10:04:13.280Z,44.6515,-110.4263333,6.5,2.57,ml
1995-12-28T11:40:44.640Z,44.6611667,-109.9551667,12.91,2.56,md
1995-12-03T01:23:57.630Z,44.75,-110.9043333,10.8,2.82,ml
1995-12-03T01:19:22.840Z,44.7525,-110.8955,9.3,2.5,md
1995-11-30T15:07:47.480Z,44.7575,-110.8981667,7.87,2.85,ml
1995-11-28T07:30:01.210Z,44.7536667,-110.9113333,9.78,2.52,md
1995-11-28T06:45:19.460Z,44.7621667,-110.8991667,9.68,2.53,ml
1995-11-27T12:13:24.430Z,44.7536667,-110.9148333,10.82,3.05,md
1995-10-16T19:09:44.720Z,44.491,-110.5955,4.17,2.68,md
1995-10-16T19:02:34.080Z,44.4951667,-110.6001667,4.21,2.81,md
1995-10-16T11:25:44.700Z,44.6353333,-110.3475,5.3,2.57,md
1995-10-15T13:58:55.600Z,44.333,-110.6765,5.87,2.51,md
1995-10-10T02:48:43.170Z,44.3325,-110.4983333,4.23,2.52,md
1995-10-10T01:54:20.290Z,44.3228333,-110.4818333,6.5,2.55,md
1995-10-07T13:10:13.380Z,44.3405,-110.4908333,3.35,2.67,md
1995-10-07T10:57:32.160Z,44.3328333,-110.4866667,4.99,2.92,md
1995-10-07T10:46:03.360Z,44.3363333,-110.4808333,4.91,3.3,md
1995-10-01T05:50:37.450Z,44.6626667,-109.8901667,10.35,2.76,md
1995-09-25T16:44:09.480Z,44.2136667,-110.7715,1.91,2.53,md
1995-08-28T17:11:09.590Z,44.1443333,-110.3098333,9.52,3.01,md
1995-08-28T17:04:36.480Z,44.1453333,-110.291,10.93,2.6,md
1995-08-28T05:01:55.660Z,44.1225,-110.3896667,3.84,3.18,ml
1995-08-28T03:21:33.820Z,44.1581667,-110.2793333,11.09,2.9,md
1995-08-28T03:16:24.390Z,44.1361667,-110.3188333,7.88,4.18,ml
1995-08-28T02:40:11.230Z,44.1395,-110.3126667,10.05,2.78,md
1995-08-27T20:01:33.210Z,44.7396667,-111.0313333,7.76,2.51,md
1995-07-04T11:30:04.920Z,44.6316667,-110.8966667,8.41,2.72,md
1995-05-07T14:49:10.000Z,44.6248333,-110.3853333,2.03,2.51,md
1995-01-20T04:48:46.680Z,44.7803333,-111.0246667,7.04,2.52,md
1995-01-19T20:53:07.300Z,44.78,-111.0301667,7.38,2.88,md
1995-01-06T15:55:18.420Z,44.7131667,-111.0901667,9.88,2.53,md
1994-12-21T09:48:40.080Z,44.7461667,-110.845,10.38,2.53,md
1994-10-20T10:33:35.980Z,44.6228333,-110.6661667,7.3,2.89,md
1994-09-26T00:33:17.000Z,44.1978333,-110.6456667,8.78,2.58,md
1994-09-24T15:04:39.500Z,44.6643333,-110.4726667,4.79,3.7,ml
1994-09-01T00:47:18.750Z,44.7165,-110.6613333,4.19,2.99,md
1994-08-19T04:06:05.610Z,44.4555,-111.019,5.01,2.72,md
1994-08-19T04:04:40.490Z,44.434,-111.0276667,4.44,3.32,md
1994-08-19T03:32:25.240Z,44.1991667,-110.608,2.07,2.7,md
1994-07-31T15:03:03.290Z,44.2025,-110.6113333,5.69,2.68,md
1994-07-31T14:45:58.900Z,44.2255,-110.6183333,2.03,2.7,md
1994-07-31T11:46:33.800Z,44.1813333,-110.5661667,11.03,2.69,md
1994-07-11T23:25:47.040Z,44.7541667,-111.0031667,11.52,3.23,md
1994-07-03T16:17:24.040Z,44.8798333,-110.4038333,10.54,3.18,md
1994-06-12T07:27:24.840Z,44.2725,-110.698,-0.02,2.5,md
1994-04-29T23:15:11.630Z,44.7285,-110.5036667,3.76,2.71,md
1994-03-31T21:30:06.310Z,44.7828333,-110.6968333,7.53,2.65,md
1994-03-27T05:37:48.940Z,44.7883333,-110.9136667,6.98,2.81,md
1994-03-26T20:41:01.630Z,44.783,-110.9243333,8.71,3.94,md
1994-03-19T02:24:26.030Z,44.463,-110.581,7.18,2.64,md
1994-01-01T21:52:42.340Z,44.6611667,-109.9918333,14.41,2.74,md
1993-09-23T01:11:10.810Z,44.8395,-110.4503333,8.26,2.74,md
1993-08-19T19:43:12.210Z,44.7766667,-110.9088333,10.63,3.44,md
1993-08-05T18:04:56.550Z,44.7841667,-110.9908333,10.15,2.57,md
1993-06-10T20:26:36.610Z,44.93,-111.003,5,2.9,md
1993-04-14T00:24:48.880Z,44.777,-111,6.02,2.9,md
1993-03-19T12:30:27.720Z,44.6506667,-110.4611667,1.67,2.53,md
1993-03-19T12:15:24.880Z,44.6523333,-110.4586667,1.94,3.3,md
1993-03-07T14:12:09.960Z,44.545,-110.904,5,3.1,ml
1993-01-02T06:39:15.600Z,44.8691667,-110.9935,10.9,2.66,md
1992-12-28T11:25:26.310Z,44.6485,-110.9776667,7.28,2.92,md
1992-12-28T10:27:25.510Z,44.6428333,-110.9695,5.68,2.92,md
1992-12-28T09:58:39.870Z,44.6493333,-110.9578333,7.83,2.99,md
1992-12-28T08:16:02.870Z,44.6501667,-111.0116667,7.83,3.2,md
1992-12-04T17:08:03.130Z,44.608,-110.259,4.33,2.74,md
1992-11-11T18:17:38.720Z,44.6681667,-110.4645,6.51,2.66,md
1992-08-16T00:41:17.760Z,44.5771667,-109.9951667,4.92,3.22,md
1992-07-28T19:02:45.070Z,44.8025,-111.149,5.94,2.78,md
1992-07-20T08:30:13.100Z,44.5826667,-110.3608333,4.68,2.63,md
1992-07-20T07:55:54.800Z,44.5756667,-110.3698333,2.06,3.52,md
1992-07-20T07:44:38.050Z,44.5695,-110.3721667,2.92,2.59,md
1992-07-20T07:31:51.200Z,44.5711667,-110.379,1.95,2.92,md
1992-07-20T07:03:28.680Z,44.5726667,-110.3518333,0.21,3.57,md
1992-07-20T06:49:54.910Z,44.5631667,-110.3611667,6.04,2.73,md
1992-03-01T06:09:23.230Z,44.5281667,-110.5991667,4.74,2.6,md
1991-10-20T21:06:30.760Z,44.6448333,-110.1066667,3.19,2.56,md
1991-01-04T09:20:35.600Z,44.7228333,-111.2138333,8.58,2.7,md
1990-09-01T20:33:32.480Z,44.6761667,-109.8955,-1.18,2.75,md
1990-06-16T22:13:51.350Z,44.7241667,-110.8045,8.31,2.52,md
1990-05-04T18:29:40.380Z,44.4201667,-110.303,7.81,2.64,md
1990-05-04T02:24:08.720Z,44.4138333,-110.3133333,5.95,2.5,md
1989-09-30T07:13:07.160Z,44.786,-111.106,5,3.4,ml
1989-09-30T06:51:59.980Z,44.787,-111.114,5,3.1,ml
1989-09-30T01:46:36.710Z,44.78,-111.127,5,3.4,ml
1989-09-30T01:30:30.380Z,44.778,-111.105,5,3,ml
1989-07-26T22:38:07.420Z,44.7425,-111.073,9.17,3.33,md
1989-05-09T06:29:17.060Z,44.1936667,-110.7286667,13.44,2.5,md
1989-04-11T02:42:37.290Z,44.489,-110.3488333,9.88,2.69,md
1989-03-29T00:49:30.200Z,44.714,-111.1363333,14,2.66,md
1989-03-19T23:40:24.300Z,44.6148333,-110.3885,2.03,2.52,md
1988-11-15T15:16:00.900Z,44.648,-110.985,5,3,ml
1988-05-03T07:55:53.340Z,44.7913333,-110.494,7.68,2.64,md
1988-03-09T04:58:43.290Z,44.474,-110.383,3.76,2.72,md
1988-03-07T15:06:43.470Z,44.2206667,-110.2681667,7.39,2.86,md
1987-11-29T21:58:26.620Z,44.3663333,-110.5793333,1.78,3.4,md
1987-07-30T17:53:11.550Z,44.638,-111.058,5,3.4,ml
1987-07-24T10:33:38.710Z,44.678,-111.008,5,3.2,ml
1987-06-06T16:57:08.220Z,44.2083333,-110.7901667,13.63,2.63,md
1987-06-06T12:40:10.420Z,44.2181667,-110.7888333,0.6,2.91,md
1987-06-06T12:39:29.700Z,44.2223333,-110.7958333,10.95,2.64,md
1987-02-06T09:29:50.090Z,44.729,-111.0321667,9.96,3.01,md
1987-02-05T13:56:36.590Z,44.7278333,-111.037,9.65,3.16,md
1986-11-25T20:45:23.830Z,44.6683333,-111.0291667,12.05,2.83,md
1986-11-24T06:31:48.810Z,44.6691667,-111.0301667,12.89,2.65,md
1986-11-15T00:56:55.400Z,44.6771667,-111.0335,12.96,2.62,md
1986-06-27T04:09:30.520Z,44.648,-111.076,5,2.8,ml
1986-04-04T14:16:34.370Z,44.6171667,-110.9966667,9.25,2.54,md
1986-03-07T19:32:07.840Z,44.6325,-111.0176667,9.93,2.5,md
1986-02-11T22:27:55.180Z,44.6185,-111.0105,11.52,3,md
1986-02-05T14:26:17.830Z,44.6371667,-111.0178333,9.89,2.66,md
1986-01-08T13:36:28.340Z,44.61,-111.069,5,2.9,ml
1985-12-31T21:32:10.360Z,44.6041667,-110.991,8.66,2.51,md
1985-12-27T18:31:53.110Z,44.6245,-111.0011667,10.84,2.54,md
1985-12-26T18:40:47.850Z,44.643,-111.026,5,2.8,ml
1985-12-16T14:53:52.640Z,44.612,-110.986,5,2.7,ml
1985-12-16T14:33:14.280Z,44.621,-111.099,5,2.6,ml
1985-12-15T12:03:03.620Z,44.615,-111,5,2.7,ml
1985-12-15T01:42:02.850Z,44.6305,-111.0038333,13.07,2.61,md
1985-12-05T21:58:08.830Z,44.635,-111.083,5,2.8,ml
1985-12-04T06:43:01.250Z,44.642,-111.078,5,3.1,ml
1985-12-04T06:37:51.190Z,44.644,-111.0196667,10.67,3.08,md
1985-12-04T01:29:14.830Z,44.609,-111.067,5,2.7,ml
1985-12-03T05:08:20.940Z,44.584,-111.105,5,2.7,ml
1985-12-01T01:08:52.330Z,44.6375,-111.0221667,13.73,2.97,md
1985-11-26T18:52:20.240Z,44.642,-111.023,5,2.7,ml
1985-11-26T09:34:39.650Z,44.655,-110.9986667,12.12,2.79,md
1985-11-26T09:27:48.340Z,44.659,-111.0171667,12.68,2.54,md
1985-11-23T17:47:23.630Z,44.635,-111.048,5,2.7,ml
1985-11-20T14:55:55.290Z,44.6276667,-111.0036667,12.76,2.66,md
1985-11-19T12:22:04.660Z,44.633,-110.991,5,3,ml
1985-11-17T06:46:04.170Z,44.6365,-111.0108333,11.56,2.92,md
1985-11-16T01:50:10.080Z,44.644,-111.079,5,3.5,ml
1985-11-11T17:46:57.620Z,44.6435,-111.0095,11.09,2.53,md
1985-11-11T11:27:37.720Z,44.613,-111.094,5,2.8,ml
1985-11-10T15:46:22.930Z,44.696,-111.075,5,3.1,ml
1985-11-10T12:58:42.430Z,44.624,-111.098,5,2.8,ml
1985-11-10T05:52:16.460Z,44.614,-111.071,5,3.2,ml
1985-11-09T17:16:16.790Z,44.652,-111.042,5,3.3,ml
1985-11-09T16:36:41.050Z,44.646,-111.142,1,2.7,ml
1985-11-09T15:19:58.300Z,44.619,-111.065,5,3.3,ml
1985-11-09T13:09:15.280Z,44.688,-111.051,5,4.2,ml
1985-11-09T11:58:48.210Z,44.6471667,-111.0305,10.54,3.02,md
1985-11-09T11:48:46.130Z,44.662,-111.104,5,3.1,ml
1985-11-09T11:46:25.750Z,44.663,-111.118,5,3.2,ml
1985-11-09T11:40:22.590Z,44.766,-111.145,5,4.1,ml
1985-11-09T11:38:17.330Z,44.6643333,-111.0353333,10.88,4.26,md
1985-10-29T00:10:39.320Z,44.628,-111.082,5,3,ml
1985-10-28T08:28:37.630Z,44.57,-111.109,5,2.9,ml
1985-10-20T06:27:22.440Z,44.634,-111.074,5,2.8,ml
1985-10-19T18:18:17.300Z,44.633,-111.064,5,2.7,ml
1985-10-19T16:45:05.460Z,44.6381667,-111.0196667,11.27,2.63,md
1985-10-19T16:32:35.660Z,44.679,-110.983,5,4,ml
1985-10-19T16:09:37.700Z,44.649,-111.062,5,2.9,ml
1985-10-19T15:55:42.380Z,44.64,-111.029,5,2.8,ml
1985-10-19T15:40:24.380Z,44.594,-111.016,5,2.7,ml
1985-10-19T15:34:59.510Z,44.655,-111.006,5,4.1,ml
1985-10-19T15:33:47.470Z,44.624,-111.028,5,3,ml
1985-10-19T13:01:57.590Z,44.627,-111.058,5,2.7,ml
1985-10-19T12:47:49.780Z,44.641,-111.08,5,3.6,ml
1985-10-19T11:47:02.230Z,44.645,-111.062,5,3,ml
1985-10-19T11:43:12.270Z,44.634,-111.096,5,2.7,ml
1985-10-19T11:31:10.900Z,44.612,-111.053,5,3,ml
1985-10-19T09:45:16.360Z,44.656,-111.078,5,3.4,ml
1985-10-19T09:28:43.680Z,44.631,-111.078,5,3.2,ml
1985-10-19T09:18:03.480Z,44.644,-111.109,5,3,ml
1985-10-19T06:33:02.820Z,44.658,-111.063,5,3.1,ml
1985-10-19T04:00:38.420Z,44.628,-111.075,5,2.7,ml
1985-10-17T19:57:08.250Z,44.634,-111.099,5,2.8,ml
1985-10-17T10:47:59.320Z,44.646,-111.076,5,2.8,ml
1985-10-17T10:18:01.840Z,44.611,-111.107,5,2.5,ml
1985-10-17T08:01:46.730Z,44.635,-111.056,5,3.3,ml
1985-10-17T03:06:03.530Z,44.6468333,-111.0228333,11.26,2.65,md
1985-09-24T19:19:11.560Z,44.773,-111.163,5,2.9,ml
1985-09-24T19:14:55.070Z,44.786,-111.161,5,2.9,ml
1985-09-20T05:07:51.010Z,44.3555,-110.8168333,5.42,2.69,md
1985-03-05T20:34:36.280Z,44.767,-110.683,5,3.2,ml
1985-03-05T20:30:40.020Z,44.776,-110.799,5,3.6,ml
1985-03-01T23:45:51.940Z,44.7965,-110.7741667,11.7,2.77,md
1985-03-01T23:33:27.510Z,44.7968333,-110.7721667,11.25,2.5,md
1984-10-06T20:30:13.580Z,44.743,-110.528,5,3.2,ml
1984-05-04T04:02:30.010Z,44.637,-110.063,5,3,ml
1984-01-24T07:12:47.160Z,44.453,-110.519,5,3.3,ml
1984-01-14T22:24:00.840Z,44.779,-111.0045,10.25,3.9,md
1983-10-13T09:45:26.560Z,44.708,-111.073,5,3.5,ml
1983-06-12T01:00:41.390Z,44.2305,-110.8011667,6.35,2.98,md
1983-02-06T20:25:16.590Z,44.571,-110.643,5,4.7,mb
1982-11-08T01:18:29.340Z,44.784,-110.921,5,3.6,ml
1982-07-10T01:19:54.870Z,44.19,-110.901,5,3,ml
1982-05-21T01:14:35.770Z,44.777,-110.847,5,3.3,ml
1981-10-08T16:49:32.200Z,44.233,-110.795,1,3,ml
1981-05-22T07:56:41.000Z,44.83,-110.997,7,4.2,ml
1981-03-12T17:09:09.030Z,44.292,-110.746,0.8,3.1,ml
1981-03-12T15:55:41.920Z,44.28,-110.759,0.8,3.4,ml
1981-03-12T15:12:02.270Z,44.29,-110.755,0.9,2.5,ml
1981-03-12T15:00:22.460Z,44.265,-110.752,0.9,2.6,ml
1981-03-12T14:48:13.770Z,44.276,-110.76,2.3,3,ml
1981-03-12T14:41:12.610Z,44.272,-110.75,0.2,2.6,ml
1981-03-12T14:29:32.160Z,44.288,-110.749,4,2.6,ml
1981-03-12T14:23:55.260Z,44.294,-110.75,4.5,2.5,ml
1981-03-12T14:22:44.660Z,44.296,-110.761,3.6,2.5,ml
1981-03-12T14:19:38.220Z,44.288,-110.759,2.3,3.1,ml
1981-03-12T14:12:02.250Z,44.273,-110.762,0.6,3.8,ml
1980-11-14T21:08:10.400Z,44.592,-111.04,11,3.2,ml
1980-02-27T06:05:49.500Z,44.764,-111.042,5,3.4,ml
1980-02-22T10:18:27.700Z,44.808,-110.9,1,4.5,mb
1980-02-20T12:07:52.800Z,44.805,-110.917,1,3.3,ml
1979-05-08T01:23:18.300Z,44.785,-111.083,5,3.4,ml
1979-05-08T00:57:42.900Z,44.742,-111.2,5,3.9,ml
1979-05-08T00:56:34.100Z,44.766,-111.121,5,3.3,ml
1979-05-07T17:15:43.400Z,44.759,-111.143,5,3.2,ml
1979-01-05T14:08:38.800Z,44.402,-110.265,5,3.5,ml
1978-11-11T20:46:20.800Z,44.392,-110.252,6,3.2,ml
1978-10-02T23:55:42.600Z,44.71,-110.799,5,3.6,ml
1978-10-02T13:59:10.700Z,44.739,-110.784,5,3.5,ml
1978-09-15T13:45:44.800Z,44.558,-110.489,5,2.5,ml
1978-03-07T07:39:33.100Z,44.304,-110.918,5,3.1,ml
1978-03-07T01:10:47.600Z,44.433,-110.843,5,3.5,ml
1978-03-06T11:06:21.500Z,44.22,-110.846,5,2.9,ml
1978-02-02T12:35:56.200Z,44.384,-110.83,4,3.3,mb
1978-02-02T04:30:25.900Z,44.358,-110.843,4,2.6,ml
1978-02-02T00:49:01.400Z,44.392,-110.816,4,2.8,ml
1978-02-02T00:36:25.600Z,44.391,-110.815,5,3.7,mb
1977-05-27T10:52:31.800Z,44.476,-111.111,5,3,ml
1977-04-03T04:43:52.300Z,44.713,-110.88,5,2.9,ml
1977-04-02T23:03:52.200Z,44.749,-110.816,5,3.9,ml
1977-03-06T06:10:12.700Z,44.709,-111.213,5,3,ml
1977-03-06T05:01:04.000Z,44.742,-111.132,5,2.9,ml
1977-03-04T17:10:40.600Z,44.763,-111.005,5,4,mb
1977-03-04T16:51:48.300Z,44.767,-111.212,5,4,ml
1977-03-04T16:47:43.500Z,44.772,-111.124,5,3.7,ml
1977-03-04T16:12:28.200Z,44.789,-111.054,5,3.4,ml
1977-03-04T15:00:20.100Z,44.824,-111.051,5,3.8,ml
1977-03-04T14:39:23.500Z,44.843,-110.923,5,3.8,ml
1977-03-04T14:19:48.800Z,44.779,-111.051,5,4,mb
1977-03-04T13:04:21.400Z,44.822,-111.102,5,4,mb
1977-03-04T13:00:58.900Z,44.804,-111.078,5,4.1,mb
1977-03-04T11:33:06.900Z,44.835,-111.129,5,3.7,mb
1977-03-04T11:01:50.200Z,44.799,-111.076,5,3.9,mb
1977-03-04T10:05:59.600Z,44.829,-111.038,5,3.9,mb
1976-12-20T17:07:10.500Z,44.5,-111.068,9,3.3,ml
1976-12-20T01:34:16.700Z,44.842,-110.827,5,4.4,mb
1976-12-19T17:10:15.600Z,44.772,-110.8,5,4.9,mb
1976-12-16T00:28:21.400Z,44.641,-111.05,5,3,ml
1976-12-11T21:57:12.400Z,44.68,-111.041,5,3.1,ml
1976-12-09T22:36:23.700Z,44.768,-110.798,5,4.5,mb
1976-12-09T22:35:05.400Z,44.77,-110.787,6,4.9,mb
1976-12-08T22:10:42.300Z,44.746,-111.054,5,3.5,ml
1976-12-08T14:40:59.100Z,44.76,-110.793,5,5.5,mb
1976-11-27T19:18:57.900Z,44.846,-110.967,5,3.6,ml
1976-11-27T01:09:35.200Z,44.656,-110.825,5,3.5,ml
1976-11-27T00:24:46.100Z,44.639,-111.142,9,3.3,ml
1976-11-17T14:57:38.600Z,44.74,-110.829,5,3,ml
1976-11-17T14:34:33.400Z,44.752,-110.857,5,3,ml
1976-10-26T10:08:50.300Z,44.618,-111.043,5,3,ml
1976-10-20T04:55:59.400Z,44.608,-111.061,5,3.2,ml
1976-10-19T07:24:34.600Z,44.795,-110.697,5,5.3,mb
1976-10-19T06:18:35.300Z,44.735,-110.813,4,5.3,mb
1976-10-11T21:46:58.700Z,44.632,-111.166,5,3.2,ml
1976-10-11T21:44:12.800Z,44.64,-111.204,5,3,ml
1976-08-15T14:28:14.100Z,44.416,-111.066,5,2.9,ml
1976-07-11T16:22:27.400Z,44.53,-111.086,5,3.2,ml
1976-04-19T22:05:52.000Z,44.755,-111.172,5,3.3,ml
1975-07-13T10:01:07.200Z,44.705,-110.672,5,3.8,ml
1975-07-11T05:37:41.200Z,44.705,-110.742,5,3.7,mb
1975-07-07T00:51:27.900Z,44.757,-110.567,5,3.6,ml
1975-07-05T20:08:29.700Z,44.758,-110.636,5,3.5,mb
1975-07-05T19:17:39.000Z,44.713,-110.624,5,4.5,mb
1975-07-03T03:21:34.000Z,44.752,-110.457,5,4.5,mb
1975-07-02T19:54:56.700Z,44.719,-110.571,5,4.2,mb
1975-07-02T08:29:29.600Z,44.787,-110.756,5,4.6,mb
1975-07-01T15:57:47.800Z,44.794,-110.743,5,3.4,ml
1975-07-01T04:16:22.500Z,44.882,-110.577,5,4.8,mb
1975-06-30T21:15:26.800Z,45.04,-110.567,5,3.1,ml
1975-06-30T20:46:43.500Z,45.03,-110.752,5,3.4,ml
1975-06-30T20:20:56.600Z,44.692,-110.586,5,4.9,mb
1975-06-30T19:56:33.700Z,44.712,-110.524,5,4.7,mb
1975-06-30T19:17:04.800Z,44.924,-110.653,5,4.2,ml
1975-06-30T19:00:27.400Z,44.766,-110.718,5,5.1,mb
1975-06-30T18:54:13.400Z,44.745,-110.605,7,5.9,ms
1975-06-30T18:47:57.700Z,44.796,-110.542,5,4.6,mb
1975-06-30T18:24:11.900Z,44.786,-110.535,5,3.5,ml
1974-10-30T09:14:48.800Z,44.823,-110.792,5,3.9,mb
1974-10-22T08:43:07.100Z,44.739,-110.813,5,4.6,mb
1974-10-18T06:59:11.500Z,44.738,-110.742,5,3.5,mb
1974-10-18T06:25:28.100Z,44.733,-110.737,5,4.4,mb
1974-08-30T19:46:54.000Z,44.64,-110.765,2,4.5,mb
1974-08-30T16:41:59.100Z,44.702,-110.803,1,4.5,mb
1974-07-01T18:23:07.300Z,44.564,-111.089,5,4.8,mb
1974-06-09T00:50:42.000Z,44.799,-111.054,5,4.9,ml
1974-03-24T15:04:45.600Z,44.63,-110.792,33,3.8,mb
1973-04-21T08:00:11.500Z,44.424,-110.45,10,3.6,mb
1973-04-21T07:26:10.700Z,44.545,-110.133,10,4.4,mb
1973-04-12T03:24:14.200Z,44.439,-110.451,10,4.2,mb
1973-04-09T10:30:58.700Z,44.14,-110.485,5,3.6,mb
1973-03-31T20:33:33.500Z,44.513,-110.491,10,5.1,mb
1973-03-30T01:32:14.400Z,44.389,-110.414,10,3.7,mb
1973-03-30T00:32:57.600Z,44.361,-110.355,11,4.6,mb
1973-03-28T10:07:02.900Z,44.422,-110.465,10,4,mb
1973-03-28T03:02:30.100Z,44.363,-110.413,10,4.5,mb
1973-03-28T02:39:58.300Z,44.429,-110.391,8,5,mb
1973-03-25T16:33:13.100Z,44.47,-110.465,10,3.4,mb
1973-03-01T06:00:19.200Z,44.812,-111.122,5,4.3,mb
1963-09-24T06:35:53.900Z,44.9,-111,33,4.7,mb
1963-03-08T08:35:49.100Z,44.8,-110.2,33,3.8,mb
1959-09-13T19:49:35.200Z,44.722,-111.127,5,4.4,ml
1959-08-19T19:43:48.800Z,44.756,-110.96,5,5,uk
1959-08-19T04:04:02.300Z,44.648,-110.84,5,5.99,mw
1959-08-18T15:26:06.100Z,44.721,-110.871,5,6.29,mw
1959-08-18T11:03:49.900Z,44.719,-110.85,5,5.6,uk
1959-08-18T08:41:48.500Z,44.854,-111.049,5,6,uk
1959-08-18T07:56:17.200Z,44.699,-110.705,5,6.5,uk
1959-08-18T06:37:14.500Z,44.712,-111.215,5,7.3,mw